#caseId; HolidayType; Price; NumberOfPersons; Region; Transportation; Duration; Season; Accommodation; Hotel
Journey1;Bathing;2498;2;Egypt;Plane;14;April;TwoStars;Hotel White House, Egypt
Journey2;Bathing;3066;3;Egypt;Plane;21;May;TwoStars;Hotel White House, Egypt
Journey3;Active;2778;2;Egypt;Plane;14;June;TwoStars;Hotel Geisum, Egypt
Journey4;Bathing;3195;3;Egypt;Plane;7;July;ThreeStars;Hotel Al Mashrabia, Egypt
Journey5;Bathing;3158;2;Egypt;Plane;14;September;ThreeStars;Hotel Al Mashrabia, Egypt
Journey6;Active;3318;2;Egypt;Plane;14;October;ThreeStars;Hotel Al Mashrabia, Egypt
Journey7;Bathing;2458;2;Egypt;Plane;14;June;FourStars;Hotel Winter Palace, Egypt
Journey8;Active;2649;3;Egypt;Plane;7;July;FourStars;Hotel Winter Palace, Egypt
Journey9;Education;4638;2;Egypt;Plane;21;April;FourStars;Anlage Arabia Beach, Egypt
Journey10;Education;3738;2;Egypt;Plane;14;October;FourStars;Anlage Arabia Beach, Egypt
Journey11;City;1978;2;Cairo;Plane;7;April;ThreeStars;Hotel Victoria, Cairo
Journey12;City;1898;2;Cairo;Plane;7;May;ThreeStars;Hotel Victoria, Cairo
Journey13;City;2158;2;Cairo;Plane;14;June;ThreeStars;Hotel Victoria, Cairo
Journey14;City;1898;2;Cairo;Plane;7;September;ThreeStars;Hotel Victoria, Cairo
Journey15;City;1154;1;Cairo;Plane;7;October;ThreeStars;Hotel New Marwa Palace, Cairo
Journey16;City;2308;2;Cairo;Plane;7;April;ThreeStars;Hotel New Marwa Palace, Cairo
Journey17;City;2658;2;Cairo;Plane;7;May;ThreeStars;Hotel New Marwa Palace, Cairo
Journey18;City;1269;1;Cairo;Plane;14;July;ThreeStars;Hotel New Marwa Palace, Cairo
Journey19;City;2608;2;Cairo;Plane;7;May;FiveStars;Hotel Moevenpick, Cairo
Journey20;City;2468;2;Cairo;Plane;7;August;FiveStars;Hotel Moevenpick, Cairo
Journey21;Recreation;1568;2;Belgium;Car;14;May;TwoStars;Hotel Ostend, Belgium
Journey22;Active;798;3;Belgium;Car;7;June;TwoStars;Hotel Ostend, Belgium
Journey23;Recreation;978;3;Belgium;Car;7;July;ThreeStars;Acces Hotel Mercure, Belgium
Journey24;Recreation;978;2;Belgium;Car;7;August;ThreeStars;Acces Hotel Mercure, Belgium
Journey25;Active;1448;3;Belgium;Car;14;September;HolidayFlat;H.Flat, Belgium
Journey26;Recreation;1638;4;Belgium;Car;14;June;HolidayFlat;H.Flat, Belgium
Journey27;Recreation;1079;4;Belgium;Car;7;July;HolidayFlat;H.Flat, Belgium
Journey28;Bathing;499;4;Belgium;Car;3;August;HolidayFlat;H.Flat, Belgium
Journey29;Bathing;399;6;Belgium;Car;3;September;HolidayFlat;H.Flat, Belgium
Journey30;Recreation;1928;2;Belgium;Train;14;July;ThreeStars;Acces Hotel Mercure, Belgium
Journey31;Bathing;1598;2;Bulgaria;Plane;14;June;TwoStars;Hotel Amfibia, Sunny Beach
Journey32;Bathing;2043;3;Bulgaria;Plane;14;July;TwoStars;Hotel Hemus, Sunny Beach
Journey33;Bathing;1658;4;Bulgaria;Plane;7;August;TwoStars;Hotel Raliza, Albena
Journey34;Bathing;1558;2;Bulgaria;Plane;7;July;ThreeStars;Hotel Phoenix, Sunny Beach
Journey35;Active;1718;2;Bulgaria;Plane;14;June;ThreeStars;Hotel Nessebar, Sunny Beach
Journey36;Bathing;1383;3;Bulgaria;Plane;7;August;ThreeStars;Hotel Gergana, Albena
Journey37;Bathing;3628;4;Bulgaria;Plane;21;August;ThreeStars;Hotel Orlav, Albena
Journey38;Active;2739;3;Bulgaria;Plane;14;July;FourStars;Hotel Burgas, Sunny Beach
Journey39;Bathing;2399;2;Bulgaria;Plane;14;September;FourStars;Grandhotel Varna, Albena
Journey40;Bathing;2273;3;Bornholm;Car;14;August;HolidayFlat;H.Flat Bornholm
Journey41;Bathing;1729;5;Bornholm;Car;7;July;HolidayFlat;H.Flat Bornholm
Journey42;Bathing;1389;4;Bornholm;Car;7;July;HolidayFlat;H.Flat Bornholm
Journey43;Recreation;968;6;Bornholm;Car;14;April;HolidayFlat;H.Flat Bornholm
Journey44;Recreation;489;6;Bornholm;Car;7;May;HolidayFlat;H.Flat Bornholm
Journey45;Recreation;489;6;Bornholm;Car;7;September;HolidayFlat;H.Flat Bornholm
Journey46;Bathing;2838;4;Fano;Car;14;July;HolidayFlat;H.Flat Fano
Journey47;Bathing;1399;6;Fano;Car;7;August;HolidayFlat;H.Flat Fano
Journey48;Recreation;958;6;Fano;Car;14;September;HolidayFlat;H.Flat Fano
Journey49;Recreation;579;3;Fano;Car;7;June;HolidayFlat;H.Flat Romo
Journey50;Recreation;789;5;Fano;Car;7;May;HolidayFlat;H.Flat Romo
Journey51;Recreation;2839;10;Fano;Car;7;July;HolidayFlat;H.Flat Romo
Journey52;Bathing;629;6;Lolland;Car;7;August;HolidayFlat;H.Flat Lolland
Journey53;Bathing;1598;4;Lolland;Car;14;July;HolidayFlat;H.Flat Lolland
Journey54;Recreation;429;8;Lolland;Car;7;September;HolidayFlat;H.Flat Lolland
Journey55;Recreation;648;2;Allgaeu;Car;7;June;TwoStars;Gasthaus Meier, Allgaeu
Journey56;Wandering;972;4;Allgaeu;Car;7;July;TwoStars;Gasthaus Alpenland, Allgaeu
Journey57;Recreation;1060;3;Allgaeu;Car;7;August;ThreeStars;Hotel Alpspitz, Allgaeu
Journey58;Wandering;2110;3;Allgaeu;Train;14;July;ThreeStars;Hotel Alpspitz, Allgaeu
Journey59;Active;1835;2;Allgaeu;Car;14;June;FiveStars;Hofgut Kuernach, Allgaeu
Journey60;Wandering;951;2;Allgaeu;Car;7;September;FiveStars;Hofgut Kuernach, Allgaeu
Journey61;Recreation;794;4;Allgaeu;Train;7;August;HolidayFlat;H.Flat, Allgaeu
Journey62;Active;814;6;Allgaeu;Car;7;July;HolidayFlat;H.Flat, Allgaeu
Journey63;Wandering;1568;4;Allgaeu;Car;14;June;HolidayFlat;H.Flat, Allgaeu
Journey64;Wandering;644;4;Allgaeu;Car;7;July;HolidayFlat;H.Flat, Allgaeu
Journey65;Recreation;648;2;Alps;Car;7;June;TwoStars;Pension Blueml, Upper Bavaria
Journey66;Wandering;2232;3;Alps;Car;14;July;TwoStars;Pension Blueml, Upper Bavaria
Journey67;Recreation;2082;4;Alps;Car;7;August;ThreeStars;Hotel Chiemgauer Hof, Upper Bavaria
Journey68;Recreation;5185;3;Alps;Car;21;June;ThreeStars;Hotel Chiemgauer Hof, Upper Bavaria
Journey69;Active;2368;2;Alps;Train;14;September;ThreeStars;Hotel Chiemgauer Hof, Upper Bavaria
Journey70;Recreation;3758;2;Alps;Car;21;July;FourStars;Hotel Zur Post, Upper Bavaria
Journey71;Recreation;3135;3;Alps;Car;14;August;FourStars;Hotel Zur Post, Upper Bavaria
Journey72;Wandering;3762;4;Alps;Car;14;July;FourStars;Hotel Zur Post, Upper Bavaria
Journey73;Recreation;1254;4;Alps;Car;7;June;HolidayFlat;H.Flat Upper Bavaria
Journey74;Recreation;814;6;Alps;Train;7;August;HolidayFlat;H.Flat Upper Bavaria
Journey75;Recreation;1361;2;Bavaria;Car;14;September;HolidayFlat;H.Flat Upper Bavaria
Journey76;Recreation;1618;4;Bavaria;Car;14;May;HolidayFlat;H.Flat Upper Bavaria
Journey77;Recreation;1728;2;Bavaria;Train;14;July;HolidayFlat;H.Flat Upper Bavaria
Journey78;Wandering;609;3;Bavaria;Car;7;June;HolidayFlat;H.Flat Upper Bavaria
Journey79;Wandering;1069;6;Bavaria;Car;7;August;HolidayFlat;H.Flat Upper Bavaria
Journey80;Wandering;684;4;Bavaria;Car;7;September;HolidayFlat;H.Flat Upper Bavaria
Journey81;Active;1328;4;Bavaria;Train;14;May;HolidayFlat;H.Flat Upper Bavaria
Journey82;Active;779;2;Bavaria;Car;7;June;HolidayFlat;H.Flat Upper Bavaria
Journey83;Active;1639;5;Bavaria;Car;7;July;HolidayFlat;H.Flat Upper Bavaria
Journey84;Wandering;944;8;Bavaria;Car;7;August;HolidayFlat;H.Flat Upper Bavaria
Journey85;Wandering;758;2;ErzGebirge;Car;7;June;TwoStars;Wolfsgruener Schloss, Erz Gebirge
Journey86;Wandering;758;3;ErzGebirge;Car;7;July;TwoStars;Wolfsgruener Schloss, Erz Gebirge
Journey87;Recreation;1885;4;ErzGebirge;Car;14;August;TwoStars;Wolfsgruener Schloss, Erz Gebirge
Journey88;Recreation;758;3;ErzGebirge;Car;7;September;TwoStars;Wolfsgruener Schloss, Erz Gebirge
Journey89;Wandering;1828;2;ErzGebirge;Car;14;May;ThreeStars;Hotel Am Fichtelberg, Erz Gebirge
Journey90;Wandering;918;2;ErzGebirge;Train;7;July;ThreeStars;Hotel Am Fichtelberg, Erz Gebirge
Journey91;Wandering;2738;3;ErzGebirge;Car;21;June;ThreeStars;Hotel Am Fichtelberg, Erz Gebirge
Journey92;Recreation;1828;3;ErzGebirge;Car;14;September;ThreeStars;Sporthotel, Erz Gebirge
Journey93;Recreation;918;2;ErzGebirge;Car;7;May;ThreeStars;Sporthotel, Erz Gebirge
Journey94;Wandering;1580;4;ErzGebirge;Train;7;August;FourStars;Kur- und Sporthotel, Erz Gebirge
Journey95;Wandering;958;2;ErzGebirge;Car;7;July;FourStars;Kur- und Sporthotel, Erz Gebirge
Journey96;Wandering;2385;3;ErzGebirge;Car;14;June;FourStars;Kur- und Sporthotel, Erz Gebirge
Journey97;Recreation;1372;3;ErzGebirge;Car;7;August;FourStars;Hotel Panorama, Erz Gebirge
Journey98;Recreation;2188;2;ErzGebirge;Car;14;September;FourStars;Hotel Panorama, Erz Gebirge
Journey99;Active;1098;2;ErzGebirge;Car;7;August;FourStars;Hotel Panorama, Erz Gebirge
Journey100;Recreation;478;2;Harz;Car;7;May;TwoStars;Hotel Brockenscheideck, Harz
Journey101;Wandering;948;2;Harz;Train;14;June;TwoStars;Hotel Brockenscheideck, Harz
Journey102;Recreation;1072;3;Harz;Car;7;July;ThreeStars;Hotel Waldfrieden, Harz
Journey103;Recreation;1501;4;Harz;Car;7;August;ThreeStars;Hotel Waldfrieden, Harz
Journey104;Recreation;1868;2;Harz;Car;14;September;ThreeStars;Hotel Waldfrieden, Harz
Journey105;Wandering;1172;3;Harz;Car;7;May;ThreeStars;Hotel Waldfrieden, Harz
Journey106;Recreation;1888;2;Harz;Car;7;June;FiveStars;Hotel Maritim, Harz
Journey107;Recreation;1888;3;Harz;Train;7;July;FiveStars;Hotel Maritim, Harz
Journey108;Wandering;3768;2;Harz;Car;14;May;FiveStars;Hotel Maritim, Harz
Journey109;Recreation;484;2;Harz;Car;7;August;HolidayFlat;H.Flat Harz
Journey110;Recreation;374;4;Harz;Car;7;September;HolidayFlat;H.Flat Harz
Journey111;Recreation;589;3;Harz;Car;7;June;HolidayFlat;H.Flat Harz
Journey112;Wandering;719;4;Harz;Train;7;July;HolidayFlat;H.Flat Harz
Journey113;Wandering;1248;4;Harz;Car;14;August;HolidayFlat;H.Flat Harz
Journey114;Bathing;398;2;NorthSea;Car;7;July;OneStar;Pension Murra, North Sea
Journey115;Recreation;398;2;NorthSea;Car;7;June;OneStar;Pension Murra, North Sea
Journey116;Bathing;1348;3;NorthSea;Car;7;July;TwoStars;Pension Nina, North Sea
Journey117;Bathing;1348;2;NorthSea;Car;7;August;TwoStars;Pension Nina, North Sea
Journey118;Recreation;3228;2;NorthSea;Car;14;May;TwoStars;Hotel Silbermoeve, North Sea
Journey119;Recreation;1618;2;NorthSea;Train;7;September;TwoStars;Hotel Silbermoeve, North Sea
Journey120;Bathing;719;4;NorthSea;Car;7;August;HolidayFlat;H.Flat North Sea
Journey121;Bathing;669;6;NorthSea;Car;7;July;HolidayFlat;H.Flat North Sea
Journey122;Bathing;2108;4;NorthSea;Car;14;August;HolidayFlat;H.Flat North Sea
Journey123;Recreation;579;4;NorthSea;Train;7;June;HolidayFlat;H.Flat North Sea
Journey124;Recreation;664;5;NorthSea;Car;7;July;HolidayFlat;H.Flat North Sea
Journey125;Recreation;1138;4;NorthSea;Car;14;August;HolidayFlat;H.Flat North Sea
Journey126;Active;2198;3;NorthSea;Car;14;September;HolidayFlat;H.Flat North Sea
Journey127;Recreation;1044;6;NorthSea;Train;7;June;HolidayFlat;H.Flat North Sea
Journey128;Active;719;3;NorthSea;Car;7;August;HolidayFlat;H.Flat Sylt
Journey129;Bathing;1828;2;BalticSea;Car;14;July;TwoStars;Hotel Stoertebeker, Zingst
Journey130;Bathing;918;3;BalticSea;Car;7;August;TwoStars;Hotel Stoertebeker, Zingst
Journey131;Recreation;918;2;BalticSea;Car;7;June;TwoStars;Hotel Am Leuchtturm, Warnemuende
Journey132;Recreation;1147;3;BalticSea;Train;7;September;TwoStars;Hotel Am Leuchtturm, Warnemuende
Journey133;Bathing;1047;3;BalticSea;Car;7;July;ThreeStars;Hotel Baltic, Usedom
Journey134;Bathing;2472;4;BalticSea;Car;14;August;ThreeStars;Hotel Baltic, Usedom
Journey135;Recreation;2226;3;BalticSea;Car;14;June;ThreeStars;NobisHotel, Ruegen
Journey136;Bathing;1438;2;BalticSea;Car;7;August;FourStars;Ostseehotel, Wustrow
Journey137;Active;1797;3;BalticSea;Car;7;July;FourStars;Ostseehotel, Wustrow
Journey138;Bathing;1044;4;BalticSea;Train;7;August;HolidayFlat;H.Flat Baltic Sea
Journey139;Bathing;639;2;BalticSea;Car;7;August;HolidayFlat;H.Flat Fehmarn
Journey140;Bathing;1818;2;BalticSea;Car;14;July;HolidayFlat;H.Flat, Ruegen
Journey141;Recreation;539;4;BalticSea;Car;7;June;HolidayFlat;H.Flat Baltic Sea
Journey142;Recreation;709;6;BalticSea;Car;7;May;HolidayFlat;H.Flat Baltic Sea
Journey143;Active;994;4;BalticSea;Train;14;July;HolidayFlat;H.Flat Baltic Sea
Journey144;Wandering;547;3;BlackForest;Car;7;May;TwoStars;Hotel Hirschen, Black Forest
Journey145;Recreation;868;2;BlackForest;Car;14;June;TwoStars;Hotel Hirschen, Black Forest
Journey146;Wandering;907;3;BlackForest;Car;7;July;ThreeStars;Hotel Waldwinkel, Black Forest
Journey147;Wandering;698;2;BlackForest;Car;14;August;ThreeStars;Hotel Waldwinkel, Black Forest
Journey148;Wandering;738;2;BlackForest;Train;7;September;ThreeStars;Berghotel Kandel, Black Forest
Journey149;Recreation;922;3;BlackForest;Car;7;August;ThreeStars;Berghotel Kandel, Black Forest
Journey150;Wandering;3732;4;BlackForest;Car;14;July;FourStars;Kurhotel, Black Forest
Journey151;Recreation;1138;2;BlackForest;Car;7;June;FourStars;Kurhotel, Black Forest
Journey152;Wandering;449;2;BlackForest;Train;7;May;HolidayFlat;H.Flat Black Forest
Journey153;Wandering;459;5;BlackForest;Car;7;June;HolidayFlat;H.Flat Black Forest
Journey154;Wandering;1039;3;BlackForest;Car;7;July;HolidayFlat;H.Flat Black Forest
Journey155;Wandering;2538;3;BlackForest;Car;14;August;HolidayFlat;H.Flat Black Forest
Journey156;Recreation;1313;2;BlackForest;Car;14;September;HolidayFlat;H.Flat Black Forest
Journey157;Recreation;904;6;BlackForest;Car;7;October;HolidayFlat;H.Flat Black Forest
Journey158;Recreation;984;7;BlackForest;Train;7;July;HolidayFlat;H.Flat Black Forest
Journey159;Recreation;638;2;Thuringia;Car;7;May;ThreeStars;Berghotel Oberhof, Thuringia
Journey160;Recreation;922;3;Thuringia;Car;7;August;ThreeStars;Berghotel Oberhof, Thuringia
Journey161;Active;998;2;Thuringia;Car;7;June;ThreeStars;Hotel Finsterbergen, Thuringia
Journey162;Wandering;2588;3;Thuringia;Car;14;July;ThreeStars;Hotel Finsterbergen, Thuringia
Journey163;Wandering;1377;4;Thuringia;Train;7;August;FourStars;Hotel Rennsteig, Thuringia
Journey164;Recreation;918;2;Thuringia;Car;7;September;FourStars;Hotel Rennsteig, Thuringia
Journey165;Active;2285;3;Thuringia;Car;14;August;FourStars;Hotel Rennsteig, Thuringia
Journey166;Recreation;2668;2;Thuringia;Car;14;October;FourStars;Hotel Panorama, Thuringia
Journey167;Active;1497;3;Thuringia;Car;7;August;FourStars;Hotel Panorama, Thuringia
Journey168;Active;2388;3;Thuringia;Car;14;August;FourStars;Hotel Panorama, Thuringia
Journey169;Recreation;589;4;Thuringia;Car;7;July;HolidayFlat;H.Flat Thuringia
Journey170;Recreation;1128;4;Thuringia;Train;14;June;HolidayFlat;H.Flat Thuringia
Journey171;Recreation;589;4;Thuringia;Car;7;May;HolidayFlat;H.Flat Thuringia
Journey172;Recreation;1148;4;Thuringia;Car;14;July;HolidayFlat;H.Flat Thuringia
Journey173;Wandering;574;4;Thuringia;Car;7;August;HolidayFlat;H.Flat Thuringia
Journey174;Bathing;858;4;Atlantic;Car;14;May;HolidayFlat;H.Flat Atlantik, France
Journey175;Bathing;2078;4;Atlantic;Car;14;June;HolidayFlat;H.Flat Atlantik, France
Journey176;Bathing;4718;7;Atlantic;Car;14;July;HolidayFlat;H.Flat Atlantik, France
Journey177;Bathing;1698;4;Atlantic;Car;14;August;HolidayFlat;H.Flat Atlantik, France
Journey178;Bathing;649;6;Atlantic;Car;7;September;HolidayFlat;H.Flat Atlantik, France
Journey179;Bathing;394;3;Atlantic;Car;7;June;HolidayFlat;H.Flat Atlantik, France
Journey180;Bathing;1289;5;Atlantic;Car;7;July;HolidayFlat;H.Flat Atlantik, France
Journey181;Bathing;879;4;Atlantic;Car;7;August;HolidayFlat;H.Flat Atlantik, France
Journey182;Bathing;1347;3;Atlantic;Car;21;May;HolidayFlat;H.Flat Atlantik, France
Journey183;Active;838;5;Atlantic;Car;14;June;HolidayFlat;H.Flat Atlantik, France
Journey184;Active;1938;6;Atlantic;Car;14;July;HolidayFlat;H.Flat Atlantik, France
Journey185;Active;849;6;Atlantic;Car;7;August;HolidayFlat;H.Flat Atlantik, France
Journey186;Active;1204;8;Atlantic;Car;7;June;HolidayFlat;H.Flat Atlantik, France
Journey187;Recreation;2878;8;Atlantic;Car;14;July;HolidayFlat;H.Flat Atlantik, France
Journey188;Recreation;2187;2;Atlantic;Car;21;August;HolidayFlat;H.Flat Atlantik, France
Journey189;Bathing;519;2;CotedAzur;Car;7;April;HolidayFlat;H.Flat Cote d'Azur
Journey190;Bathing;479;3;CotedAzur;Car;7;May;HolidayFlat;H.Flat Cote d'Azur
Journey191;Bathing;829;7;CotedAzur;Car;7;June;HolidayFlat;H.Flat Cote d'Azur
Journey192;Bathing;1089;5;CotedAzur;Car;7;July;HolidayFlat;H.Flat Cote d'Azur
Journey193;Bathing;1029;5;CotedAzur;Car;7;August;HolidayFlat;H.Flat Cote d'Azur
Journey194;Bathing;799;6;CotedAzur;Car;7;September;HolidayFlat;H.Flat Cote d'Azur
Journey195;Bathing;449;4;CotedAzur;Train;7;October;HolidayFlat;H.Flat Cote d'Azur
Journey196;Bathing;1198;4;CotedAzur;Car;14;May;HolidayFlat;H.Flat Cote d'Azur
Journey197;Bathing;1108;4;CotedAzur;Train;14;June;HolidayFlat;H.Flat Cote d'Azur
Journey198;Bathing;4458;7;CotedAzur;Car;14;July;HolidayFlat;H.Flat Cote d'Azur
Journey199;Active;2678;3;CotedAzur;Car;14;August;HolidayFlat;H.Flat Cote d'Azur
Journey200;Active;1598;4;CotedAzur;Car;14;September;HolidayFlat;H.Flat Cote d'Azur
Journey201;Active;589;6;CotedAzur;Car;7;May;HolidayFlat;H.Flat Cote d'Azur
Journey202;Recreation;449;2;CotedAzur;Train;7;June;HolidayFlat;H.Flat Cote d'Azur
Journey203;Recreation;1838;3;CotedAzur;Car;14;July;HolidayFlat;H.Flat Cote d'Azur
Journey204;Bathing;1539;2;Corsica;Plane;14;May;OneStar;Caravan La Pinede
Journey205;Bathing;2469;3;Corsica;Plane;14;June;OneStar;Hotel L'Esquinade
Journey206;Bathing;5269;4;Corsica;Plane;14;July;TwoStars;Feriendorf Vallicella
Journey207;Bathing;2249;3;Corsica;Plane;21;June;TwoStars;Mobilhomes La Pinede
Journey208;Bathing;1898;2;Corsica;Plane;7;August;TwoStars;Hotel Funtana Marina
Journey209;Bathing;3522;4;Corsica;Plane;7;July;TwoStars;Feriendorf Vallicella
Journey210;Bathing;3459;3;Corsica;Plane;14;August;ThreeStars;Calvi-Hotel
Journey211;Bathing;2539;2;Corsica;Plane;14;September;ThreeStars;Studios Le Rocher
Journey212;Bathing;5659;3;Corsica;Plane;21;July;ThreeStars;Hotel Pineto
Journey213;Bathing;3298;2;Corsica;Plane;14;June;ThreeStars;Hotel Orizonte
Journey214;Active;2718;2;Corsica;Plane;14;September;ThreeStars;Grand Hotel
Journey215;Active;5678;3;Corsica;Plane;21;August;ThreeStars;Grand Hotel
Journey216;Active;2038;2;Corsica;Plane;14;June;TwoStars;Mobilhomes La Pinede
Journey217;Wandering;634;1;Corsica;Plane;7;April;TwoStars;Mobilhomes La Pinede
Journey218;Wandering;2578;2;Corsica;Plane;14;May;ThreeStars;Grand Hotel
Journey219;Bathing;659;4;Normandy;Car;7;June;HolidayFlat;H.Flat Normandy
Journey220;Bathing;709;2;Normandy;Car;7;July;HolidayFlat;H.Flat Normandy
Journey221;Active;809;4;Normandy;Car;7;August;HolidayFlat;H.Flat Normandy
Journey222;Active;1418;2;Normandy;Car;14;August;HolidayFlat;H.Flat Normandy
Journey223;Recreation;1618;4;Normandy;Car;14;July;HolidayFlat;H.Flat Normandy
Journey224;Bathing;689;4;Brittany;Car;7;June;HolidayFlat;H.Flat Brittany
Journey225;Bathing;1549;7;Brittany;Car;7;July;HolidayFlat;H.Flat Brittany
Journey226;Bathing;1064;5;Brittany;Car;7;August;HolidayFlat;H.Flat Brittany
Journey227;Bathing;519;4;Brittany;Car;7;September;HolidayFlat;H.Flat Brittany
Journey228;Active;1219;6;Brittany;Car;7;August;HolidayFlat;H.Flat Brittany
Journey229;Active;889;4;Brittany;Car;7;July;HolidayFlat;H.Flat Brittany
Journey230;Active;1268;4;Brittany;Car;14;June;HolidayFlat;H.Flat Brittany
Journey231;Recreation;2108;5;Brittany;Car;14;July;HolidayFlat;H.Flat Brittany
Journey232;Recreation;1258;4;Brittany;Car;14;August;HolidayFlat;H.Flat Brittany
Journey233;Recreation;1797;4;Brittany;Car;21;June;HolidayFlat;H.Flat Brittany
Journey234;Bathing;3485;3;Attica;Plane;14;May;FourStars;Hotel Golden Coast, Attica
Journey235;Bathing;2038;2;Attica;Plane;14;April;TwoStars;Hotel Calamos Beach, Attica
Journey236;Bathing;3129;4;Attica;Plane;7;September;ThreeStars;Hotel Kalypso Club, Attica
Journey237;Bathing;2518;2;Attica;Plane;14;June;ThreeStars;Hotel Menexelis, Attica
Journey238;Bathing;3215;3;Attica;Plane;14;July;ThreeStars;Hotel Miramare, Attica
Journey239;Bathing;4002;3;Attica;Plane;21;September;FourStars;Hotel Holidays in Evia, Attica
Journey240;Bathing;3216;4;Attica;Plane;7;August;ThreeStars;Hotel Menexelis, Attica
Journey241;Bathing;1149;1;Attica;Plane;14;June;TwoStars;Hotel Calamos Beach, Attica
Journey242;Bathing;3658;2;Attica;Plane;14;July;FourStars;Hotel Golden Coast, Attica
Journey243;Bathing;3458;2;Attica;Plane;21;August;ThreeStars;Hotel Menexelis, Attica
Journey244;Bathing;2742;3;Attica;Plane;14;July;TwoStars;Hotel Calamos Beach, Attica
Journey245;Recreation;2258;2;Attica;Plane;7;June;FourStars;Hotel Golden Coast, Attica
Journey246;Recreation;1169;1;Attica;Plane;14;September;ThreeStars;Hotel Miramare, Attica
Journey247;Recreation;3215;3;Attica;Plane;14;August;ThreeStars;Hotel Miramare, Attica
Journey248;Recreation;3378;2;Attica;Plane;21;May;FourStars;Hotel Golden Coast, Attica
Journey249;Bathing;2787;3;Chalkidiki;Plane;14;July;TwoStars;Hotel Sermyli, Chalkidiki
Journey250;Bathing;4673;4;Chalkidiki;Plane;14;August;ThreeStars;Hotel Portes Beach, Chalkidiki
Journey251;Bathing;2898;2;Chalkidiki;Plane;21;September;ThreeStars;Hotel Mendi, Chalkidiki
Journey252;Bathing;2538;2;Chalkidiki;Plane;14;June;ThreeStars;Hotel Olympico, Chalkidiki
Journey253;Bathing;2427;3;Chalkidiki;Plane;7;July;ThreeStars;Hotel Olympico, Chalkidiki
Journey254;Recreation;2358;2;Chalkidiki;Plane;14;May;ThreeStars;Hotel Olympico, Chalkidiki
Journey255;Recreation;2898;2;Chalkidiki;Plane;21;September;ThreeStars;Hotel Mendi, Chalkidiki
Journey256;Recreation;2398;2;Chalkidiki;Plane;14;June;ThreeStars;Hotel Mendi, Chalkidiki
Journey257;Active;3718;3;Chalkidiki;Plane;14;July;FourStars;Hotel Sani Beach, Chalkidiki
Journey258;Active;3299;3;Chalkidiki;Plane;7;August;FourStars;Hotel Sani Beach, Chalkidik
Journey259;Active;3318;2;Chalkidiki;Plane;14;June;FourStars;Hotel Sani Beach, Chalkidik
Journey260;Recreation;5329;4;Chalkidiki;Plane;14;July;FourStars;Hotel Athos Palace, Chalkidiki
Journey261;Recreation;3258;2;Chalkidiki;Plane;21;May;FourStars;Hotel Athos Palace, Chalkidiki
Journey262;Recreation;3038;2;Chalkidiki;Plane;14;September;FourStars;Hotel Athos Palace, Chalkidiki
Journey263;Education;2738;2;Chalkidiki;Plane;21;October;FourStars;Hotel Athos Palace, Chalkidiki
Journey264;Bathing;2831;3;Corfu;Plane;14;June;TwoStars;Hotel Iliada, Corfu
Journey265;Bathing;3644;4;Corfu;Plane;14;July;TwoStars;Hotel Iliada, Corfu
Journey266;Bathing;3258;2;Corfu;Plane;21;September;ThreeStars;Hotel Belvedere, Corfu
Journey267;Bathing;3793;3;Corfu;Plane;14;August;ThreeStars;Hotel Belvedere, Corfu
Journey268;Bathing;2779;3;Corfu;Plane;7;August;ThreeStars;Hotel Belvedere, Corfu
Journey269;Bathing;2698;2;Corfu;Plane;14;June;ThreeStars;Hotel Coral, Corfu
Journey270;Bathing;3649;3;Corfu;Plane;21;September;ThreeStars;Hotel Coral, Corfu
Journey271;Bathing;3078;2;Corfu;Plane;14;July;ThreeStars;Hotel Coral, Corfu
Journey272;Bathing;3198;2;Corfu;Plane;14;September;ThreeStars;Hotel Mirabell, Corfu
Journey273;Active;3758;2;Corfu;Plane;21;June;ThreeStars;Hotel Mirabell, Corfu
Journey274;Active;3198;3;Corfu;Plane;14;August;ThreeStars;Hotel Mirabell, Corfu
Journey275;Active;2158;2;Corfu;Plane;7;July;FourStars;Hotel Regency, Corfu
Journey276;Recreation;3418;2;Corfu;Plane;21;June;FourStars;Hotel Regency, Corfu
Journey277;Recreation;3038;2;Corfu;Plane;14;September;FourStars;Hotel Kerkyra Golf, Corfu
Journey278;Recreation;2043;3;Corfu;Plane;7;May;FourStars;Hotel Kerkyra Golf, Corfu
Journey279;Bathing;2498;2;Crete;Plane;14;June;TwoStars;Hotel Oceanis, Crete
Journey280;Bathing;2417;3;Crete;Plane;14;July;TwoStars;Hotel Ilios, Crete
Journey281;Active;2825;4;Crete;Plane;7;August;TwoStars;Hotel Oceanis, Crete
Journey282;Bathing;3498;2;Crete;Plane;14;September;ThreeStars;Hotel Creta Beach, Crete
Journey283;Bathing;4198;2;Crete;Plane;21;June;ThreeStars;Hotel Creta Beach, Crete
Journey284;Bathing;3847;3;Crete;Plane;14;August;ThreeStars;Hotel Creta Beach, Crete
Journey285;Bathing;3175;4;Crete;Plane;7;July;ThreeStars;Hotel Gortyna, Crete
Journey286;Active;3038;2;Crete;Plane;14;September;ThreeStars;Hotel Gortyna, Crete
Journey287;Active;2758;2;Crete;Plane;14;June;ThreeStars;Hotel Gortyna, Crete
Journey288;Bathing;3198;2;Crete;Plane;14;June;FourStars;Hotel Fodele Beach, Crete
Journey289;Bathing;2298;2;Crete;Plane;7;May;FourStars;Hotel Fodele Beach, Crete
Journey290;Bathing;6609;3;Crete;Plane;21;July;FourStars;Hotel Bali Paradise, Crete
Journey291;Active;4068;3;Crete;Plane;14;August;FourStars;Hotel Bali Paradise, Crete
Journey292;Active;4463;3;Crete;Plane;21;June;FourStars;Hotel Europa Beach, Crete
Journey293;Education;3038;2;Crete;Plane;14;May;FourStars;Hotel Europa Beach, Crete
Journey294;Bathing;2263;3;Rhodes;Plane;14;May;TwoStars;Studios Argiro, Rhodes
Journey295;Bathing;2428;2;Rhodes;Plane;21;June;TwoStars;Studios Argiro, Rhodes
Journey296;Bathing;2263;3;Rhodes;Plane;7;July;ThreeStars;Hotel Dafni, Rhodes
Journey297;Bathing;3553;4;Rhodes;Plane;14;August;ThreeStars;Hotel Dafni, Rhodes
Journey298;Bathing;2791;3;Rhodes;Plane;14;July;ThreeStars;Hotel Dafni, Rhodes
Journey299;Recreation;1968;2;Rhodes;Plane;7;May;ThreeStars;Hotel Kalithea Sun, Rhodes
Journey300;Active;2758;2;Rhodes;Plane;14;June;ThreeStars;Hotel Kalithea Sun, Rhodes
Journey301;Active;4364;3;Rhodes;Plane;21;July;ThreeStars;Hotel Kalithea Sun, Rhodes
Journey302;Education;2478;2;Rhodes;Plane;14;October;ThreeStars;Hotel Kalithea Sun, Rhodes
Journey303;Bathing;3869;3;Rhodes;Plane;14;July;FourStars;Hotel Columbia Resort, Rhodes
Journey304;Bathing;3958;2;Rhodes;Plane;21;September;FourStars;Hotel Columbia Resort, Rhodes
Journey305;Bathing;4925;4;Rhodes;Plane;14;August;FourStars;Hotel Columbia Resort, Rhodes
Journey306;Active;3498;2;Rhodes;Plane;14;July;FourStars;Hotel Paradise Beach, Rhodes
Journey307;Recreation;2298;2;Rhodes;Plane;7;June;FourStars;Hotel Paradise Beach, Rhodes
Journey308;Education;3098;2;Rhodes;Plane;14;September;FourStars;Hotel Paradise Beach, Rhodes
Journey309;Education;2068;4;England;Car;14;June;HolidayFlat;H.Flat England
Journey310;Language;3582;6;England;Car;21;July;HolidayFlat;H.Flat England
Journey311;Language;2398;8;England;Car;14;August;HolidayFlat;H.Flat England
Journey312;Recreation;2298;7;England;Car;14;September;HolidayFlat;H.Flat England
Journey313;Recreation;3297;6;England;Car;21;July;HolidayFlat;H.Flat England
Journey314;Education;3208;8;Ireland;Car;14;August;HolidayFlat;H.Flat Ireland
Journey315;Language;2592;6;Ireland;Car;21;June;HolidayFlat;H.Flat Ireland
Journey316;Language;2048;7;Ireland;Car;14;July;HolidayFlat;H.Flat Ireland
Journey317;Recreation;2388;4;Ireland;Car;14;August;HolidayFlat;H.Flat Ireland
Journey318;Recreation;2457;8;Ireland;Car;21;September;HolidayFlat;H.Flat Ireland
Journey319;Education;2458;3;Scotland;Car;14;June;HolidayFlat;H.Flat Scotland
Journey320;Language;3282;2;Scotland;Car;21;July;HolidayFlat;H.Flat Scotland
Journey321;Language;3878;6;Scotland;Car;14;August;HolidayFlat;H.Flat Scotland
Journey322;Recreation;2738;2;Scotland;Car;14;September;HolidayFlat;H.Flat Scotland
Journey323;Recreation;2248;2;Scotland;Car;21;July;HolidayFlat;H.Flat Scotland
Journey324;Education;1808;5;Wales;Car;14;June;HolidayFlat;H.Flat Wales
Journey325;Language;3732;5;Wales;Car;21;July;HolidayFlat;H.Flat Wales
Journey326;Language;2628;6;Wales;Car;14;August;HolidayFlat;H.Flat Wales
Journey327;Recreation;1888;6;Wales;Car;14;September;HolidayFlat;H.Flat Wales
Journey328;Recreation;3297;6;Wales;Car;21;July;HolidayFlat;H.Flat Wales
Journey329;Bathing;1408;6;NorthSea;Car;14;June;HolidayFlat;H.Flat North Sea, Holland
Journey330;Bathing;649;5;NorthSea;Car;7;July;HolidayFlat;H.Flat North Sea, Holland
Journey331;Bathing;1478;3;NorthSea;Car;14;August;HolidayFlat;H.Flat North Sea, Holland
Journey332;Active;1598;4;NorthSea;Car;14;July;HolidayFlat;H.Flat North Sea, Holland
Journey333;Recreation;559;6;NorthSea;Train;7;August;HolidayFlat;H.Flat North Sea, Holland
Journey334;Recreation;1198;3;NorthSea;Train;14;September;HolidayFlat;H.Flat North Sea, Holland
Journey335;Active;514;5;NorthSea;Bus;7;June;HolidayFlat;H.Flat North Sea, Holland
Journey336;Bathing;474;5;NorthSea;Car;3;June;HolidayFlat;H.Flat North Sea, Holland
Journey337;Bathing;539;4;NorthSea;Car;3;May;HolidayFlat;H.Flat North Sea, Holland
Journey338;Bathing;329;6;NorthSea;Car;3;June;HolidayFlat;H.Flat North Sea, Holland
Journey339;Active;3280;4;Holland;Car;14;April;HolidayFlat;Park Gran Dorado, Holland
Journey340;Active;790;2;Holland;Train;7;May;HolidayFlat;Park Gran Dorado, Holland
Journey341;Active;2620;4;Holland;Train;14;June;HolidayFlat;Park Gran Dorado, Holland
Journey342;Active;1900;5;Holland;Train;14;October;HolidayFlat;Park Gran Dorado, Holland
Journey343;Recreation;2760;4;Holland;Train;14;July;HolidayFlat;Park Gran Dorado, Holland
Journey344;Recreation;1580;6;Holland;Bus;7;August;HolidayFlat;Park Gran Dorado, Holland
Journey345;Recreation;2468;2;Holland;Bus;14;September;HolidayFlat;Park Gran Dorado, Holland
Journey346;Recreation;2780;4;Holland;Bus;14;July;HolidayFlat;Park Gran Dorado, Holland
Journey347;Recreation;485;2;Holland;Bus;3;May;HolidayFlat;Park Gran Dorado, Holland
Journey348;Recreation;735;4;Holland;Bus;4;June;HolidayFlat;Park Gran Dorado, Holland
Journey349;Recreation;705;6;Holland;Bus;3;September;HolidayFlat;Park Gran Dorado, Holland
Journey350;Bathing;1438;2;AdriaticSea;Car;14;June;TwoStars;Hotel Mexico, Adriatic Sea
Journey351;Bathing;1375;3;AdriaticSea;Car;7;July;TwoStars;Hotel Tropic, Adriatic Sea
Journey352;Bathing;1547;4;AdriaticSea;Car;14;August;TwoStars;Hotel Mexico, Adriatic Sea
Journey353;Bathing;1238;2;AdriaticSea;Car;14;September;TwoStars;Hotel Mexico, Adriatic Sea
Journey354;Bathing;2311;3;AdriaticSea;Car;14;August;TwoStars;Hotel Tropic, Adriatic Sea
Journey355;Active;1193;3;AdriaticSea;Car;7;July;TwoStars;Hotel Sporting, Adriatic Sea
Journey356;Recreation;1758;2;AdriaticSea;Car;21;May;TwoStars;Hotel Sporting, Adriatic Sea
Journey357;Bathing;1678;2;AdriaticSea;Car;14;July;ThreeStars;Hotel Nautilus, Adriatic Sea
Journey358;Bathing;1349;4;AdriaticSea;Car;7;August;ThreeStars;Hotel Nautilus, Adriatic Sea
Journey359;Recreation;1278;2;AdriaticSea;Car;14;June;ThreeStars;Hotel Nautilus, Adriatic Sea
Journey360;Bathing;679;6;AdriaticSea;Car;7;June;HolidayFlat;H.Flat Adriatic Sea
Journey361;Bathing;699;4;AdriaticSea;Car;7;July;HolidayFlat;H.Flat Adriatic Sea
Journey362;Bathing;1139;5;AdriaticSea;Car;7;August;HolidayFlat;H.Flat Adriatic Sea
Journey363;Bathing;439;6;AdriaticSea;Car;14;September;HolidayFlat;H.Flat Adriatic Sea
Journey364;Bathing;598;2;AdriaticSea;Car;14;May;HolidayFlat;H.Flat Adriatic Sea
Journey365;Bathing;1538;3;AdriaticSea;Car;14;July;HolidayFlat;H.Flat Adriatic Sea
Journey366;Active;998;4;AdriaticSea;Car;14;June;HolidayFlat;H.Flat Adriatic Sea
Journey367;Active;1359;8;AdriaticSea;Car;7;August;HolidayFlat;H.Flat Adriatic Sea
Journey368;Recreation;798;3;AdriaticSea;Car;14;September;HolidayFlat;H.Flat Adriatic Sea
Journey369;Recreation;399;6;AdriaticSea;Car;7;June;HolidayFlat;H.Flat Adriatic Sea
Journey370;Recreation;1608;2;LakeGarda;Car;14;May;TwoStars;Hotel Palme, Lake Garda
Journey371;Recreation;1838;2;LakeGarda;Car;14;June;TwoStars;Hotel Marco Polo, Lake Garda
Journey372;Recreation;1593;4;LakeGarda;Car;7;July;TwoStars;Hotel Palme, Lake Garda
Journey373;Bathing;2897;3;LakeGarda;Car;14;August;ThreeStars;Hotel Excelsior Bay, Lake Garda
Journey374;Active;1098;2;LakeGarda;Car;7;September;ThreeStars;Hotel Excelsior Bay, Lake Garda
Journey375;Active;2897;3;LakeGarda;Car;14;June;ThreeStars;Hotel Royal, Lake Garda
Journey376;Wandering;5497;3;LakeGarda;Car;21;July;ThreeStars;Hotel Royal, Lake Garda
Journey377;Recreation;2118;2;LakeGarda;Car;14;September;FourStars;Hotel Olimpo, Lake Garda
Journey378;Recreation;3138;2;LakeGarda;Car;21;May;FourStars;Hotel Olimpo, Lake Garda
Journey379;Wandering;3678;3;LakeGarda;Car;14;July;FourStars;Hotel Leonardo, Lake Garda
Journey380;Recreation;798;4;LakeGarda;Car;14;May;HolidayFlat;H.Flat Gardasee, Italy
Journey381;Recreation;1398;5;LakeGarda;Car;14;June;HolidayFlat;H.Flat Gardasee, Italy
Journey382;Recreation;479;6;LakeGarda;Car;7;July;HolidayFlat;H.Flat Gardasee, Italy
Journey383;Recreation;624;2;LakeGarda;Car;7;August;HolidayFlat;H.Flat Gardasee, Italy
Journey384;Active;579;3;LakeGarda;Car;7;September;HolidayFlat;H.Flat Gardasee, Italy
Journey385;Active;884;6;LakeGarda;Car;7;July;HolidayFlat;H.Flat Gardasee, Italy
Journey386;Active;928;2;LakeGarda;Car;14;June;HolidayFlat;H.Flat Gardasee, Italy
Journey387;Bathing;1099;3;LakeGarda;Car;7;August;HolidayFlat;H.Flat Gardasee, Italy
Journey388;Wandering;599;4;LakeGarda;Car;7;September;HolidayFlat;H.Flat Gardasee, Italy
Journey389;Wandering;1078;2;LakeGarda;Car;14;June;HolidayFlat;H.Flat Gardasee, Italy
Journey390;Bathing;1178;2;Riviera;Car;14;July;OneStar;Hotel Tritone, Ital. Riviera
Journey391;Bathing;622;3;Riviera;Car;7;August;OneStar;Hotel Tritone, Ital. Riviera
Journey392;Recreation;648;2;Riviera;Car;7;April;TwoStars;Hotel Al Sole, Ital. Riviera
Journey393;Recreation;1508;2;Riviera;Car;14;June;TwoStars;Hotel Al Sole, Ital. Riviera
Journey394;Bathing;747;3;Riviera;Car;7;September;TwoStars;Hotel La Vela, Ital. Riviera
Journey395;Bathing;2222;4;Riviera;Car;14;July;TwoStars;Hotel La Vela, Ital. Riviera
Journey396;Bathing;869;5;Riviera;Car;7;July;HolidayFlat;H.Flat Riviera, Italy
Journey397;Bathing;484;3;Riviera;Car;7;August;HolidayFlat;H.Flat Riviera, Italy
Journey398;Bathing;599;2;Riviera;Car;14;September;HolidayFlat;H.Flat Riviera, Italy
Journey399;Bathing;2678;4;Riviera;Car;14;August;HolidayFlat;H.Flat Riviera, Italy
Journey400;Bathing;1738;3;Riviera;Car;14;July;HolidayFlat;H.Flat Riviera, Italy
Journey401;Recreation;429;6;Riviera;Car;7;June;HolidayFlat;H.Flat Riviera, Italy
Journey402;Recreation;1088;6;Riviera;Car;14;May;HolidayFlat;H.Flat Riviera, Italy
Journey403;Active;529;4;Riviera;Car;7;June;HolidayFlat;H.Flat Riviera, Italy
Journey404;Active;1588;2;Riviera;Car;14;July;HolidayFlat;H.Flat Riviera, Italy
Journey405;Wandering;1258;2;Tyrol;Car;14;June;TwoStars;Pension garni Toni, South Tyrol
Journey406;Recreation;822;3;Tyrol;Car;7;May;TwoStars;Pension garni Toni, South Tyrol
Journey407;Wandering;1499;3;Tyrol;Car;14;July;ThreeStars;Hotel Untersteinerhof, South Tyrol
Journey408;Wandering;718;2;Tyrol;Car;7;September;ThreeStars;Hotel Untersteinerhof, South Tyrol
Journey409;Recreation;1528;2;Tyrol;Car;14;August;ThreeStars;Gasthof Adler, South Tyrol
Journey410;Active;798;2;Tyrol;Car;7;July;ThreeStars;Gasthof Adler, South Tyrol
Journey411;Wandering;1479;3;Tyrol;Car;7;June;FourStars;Posthotel Weisses Roessel, South Tyrol
Journey412;Wandering;2658;2;Tyrol;Car;14;July;FourStars;Posthotel Weisses Roessel, South Tyrol
Journey413;Recreation;1997;4;Tyrol;Car;7;September;FourStars;Hotel Nido, South Tyrol
Journey414;Recreation;2888;2;Tyrol;Car;14;June;FourStars;Hotel Nido, South Tyrol
Journey415;Wandering;439;4;Tyrol;Car;7;June;HolidayFlat;H.Flat Tirol, Italy
Journey416;Wandering;319;3;Tyrol;Car;7;July;HolidayFlat;H.Flat Tirol, Italy
Journey417;Recreation;769;6;Tyrol;Car;7;August;HolidayFlat;H.Flat Tirol, Italy
Journey418;Recreation;1398;4;Tyrol;Car;14;September;HolidayFlat;H.Flat Tirol, Italy
Journey419;Active;559;4;Tyrol;Car;7;May;HolidayFlat;H.Flat Tirol, Italy
Journey420;Language;2039;1;Malta;Plane;21;September;TwoStars;Sprachkurs, Malta
Journey421;Language;4078;2;Malta;Plane;21;July;TwoStars;Sprachkurs, Malta
Journey422;Language;1539;1;Malta;Plane;14;August;TwoStars;Sprachkurs, Malta
Journey423;Bathing;1598;2;Malta;Plane;14;June;TwoStars;Hotel Viking, Malta
Journey424;Language;2039;1;Malta;Plane;21;September;ThreeStars;Sprachkurs, Malta
Journey425;Bathing;3637;3;Malta;Plane;14;July;ThreeStars;Hotel Calypso, Malta
Journey426;Bathing;4476;4;Malta;Plane;14;August;ThreeStars;Hotel Calypso, Malta
Journey427;Bathing;4729;3;Malta;Plane;21;July;ThreeStars;Hotel Calypso, Malta
Journey428;Active;3078;2;Malta;Plane;14;September;ThreeStars;Hotel Atlantis, Malta
Journey429;Recreation;3518;2;Malta;Plane;21;May;ThreeStars;Hotel Atlantis, Malta
Journey430;Bathing;4147;3;Malta;Plane;14;August;FourStars;Hotel Suncrest, Malta
Journey431;Bathing;3978;2;Malta;Plane;21;June;FourStars;Hotel Suncrest, Malta
Journey432;Active;3267;4;Malta;Plane;7;July;FourStars;Hotel Suncrest, Malta
Journey433;Active;4391;3;Malta;Plane;14;August;FourStars;Hotel Cornucopia, Malta
Journey434;Recreation;3278;2;Malta;Plane;14;May;FourStars;Hotel Cornucopia, Malta
Journey435;Wandering;1008;2;Carinthia;Car;14;May;TwoStars;Pension Linde, Carinthia
Journey436;Wandering;538;3;Carinthia;Car;7;June;TwoStars;Pension Linde, Carinthia
Journey437;Recreation;1472;3;Carinthia;Car;14;July;TwoStars;Pension Seehof, Carinthia
Journey438;Recreation;1438;2;Carinthia;Car;21;August;TwoStars;Pension Seehof, Carinthia
Journey439;Wandering;1498;2;Carinthia;Car;14;September;ThreeStars;Aktivhotel Alte Muehle, Carinthia
Journey440;Wandering;1326;5;Carinthia;Car;7;August;ThreeStars;Ferienhotel Eichenhof, Carinthia
Journey441;Wandering;1247;3;Carinthia;Car;7;July;ThreeStars;Ferienhotel Eichenhof, Carinthia
Journey442;Recreation;1058;2;Carinthia;Car;7;June;ThreeStars;Hotel Ebner, Carinthia
Journey443;Recreation;1698;2;Carinthia;Car;14;May;ThreeStars;Hotel Ebner, Carinthia
Journey444;Active;2572;3;Carinthia;Car;14;July;ThreeStars;Aktivhotel Alte Muehle, Carinthia
Journey445;Wandering;499;4;Carinthia;Car;7;May;HolidayFlat;H.Flat Kaernten
Journey446;Wandering;1049;6;Carinthia;Car;7;June;HolidayFlat;H.Flat Kaernten
Journey447;Wandering;779;4;Carinthia;Car;7;July;HolidayFlat;H.Flat Kaernten
Journey448;Wandering;1858;3;Carinthia;Car;14;August;HolidayFlat;H.Flat Kaernten
Journey449;Recreation;1149;6;Carinthia;Car;7;September;HolidayFlat;H.Flat Kaernten
Journey450;Recreation;559;3;Carinthia;Car;7;May;HolidayFlat;H.Flat Kaernten
Journey451;Recreation;1073;2;Carinthia;Car;14;June;HolidayFlat;H.Flat Kaernten
Journey452;Recreation;1358;3;Carinthia;Car;14;July;HolidayFlat;H.Flat Kaernten
Journey453;Active;829;6;Carinthia;Car;7;August;HolidayFlat;H.Flat Kaernten
Journey454;Active;579;4;Carinthia;Car;7;September;HolidayFlat;H.Flat Kaernten
Journey455;Wandering;778;2;SalzbergerLand;Car;14;May;TwoStars;Pension Claudia, Salzb. Land
Journey456;Recreation;418;2;SalzbergerLand;Car;7;June;TwoStars;Pension Claudia, Salzb. Land
Journey457;Wandering;1572;3;SalzbergerLand;Car;14;July;ThreeStars;Hotel Tauernhof, Salzb. Land
Journey458;Active;837;4;SalzbergerLand;Car;7;August;ThreeStars;Hotel Tauernhof, Salzb. Land
Journey459;Wandering;718;2;SalzbergerLand;Car;7;September;ThreeStars;Gasthof Bachschmied, Salzb. Land
Journey460;Recreation;2038;2;SalzbergerLand;Car;21;May;ThreeStars;Gasthof Bachschmied, Salzb. Land
Journey461;Wandering;1538;3;SalzbergerLand;Car;14;June;FourStars;Hotel Eschbacher, Salzb. Land
Journey462;Recreation;2322;3;SalzbergerLand;Car;14;July;FourStars;Hotel Eschbacher, Salzb. Land
Journey463;Wandering;2127;4;SalzbergerLand;Car;7;August;FourStars;Hotel Norica, Salzb. Land
Journey464;Active;2627;3;SalzbergerLand;Car;14;September;FourStars;Hotel Norica, Salzb. Land
Journey465;Wandering;1798;2;SalzbergerLand;Car;7;July;FiveStars;Alpnerresidenz, Salzb. Land
Journey466;Recreation;1518;2;SalzbergerLand;Car;7;June;FiveStars;Alpnerresidenz, Salzb. Land
Journey467;Wandering;684;4;SalzbergerLand;Car;7;May;HolidayFlat;H.Flat Salzb. Land
Journey468;Wandering;729;6;SalzbergerLand;Car;7;June;HolidayFlat;H.Flat Salzb. Land
Journey469;Wandering;699;4;SalzbergerLand;Car;7;July;HolidayFlat;H.Flat Salzb. Land
Journey470;Wandering;349;2;SalzbergerLand;Car;14;August;HolidayFlat;H.Flat Salzb. Land
Journey471;Recreation;354;3;SalzbergerLand;Car;7;September;HolidayFlat;H.Flat Salzb. Land
Journey472;Recreation;399;2;SalzbergerLand;Car;7;August;HolidayFlat;H.Flat Salzb. Land
Journey473;Recreation;719;6;SalzbergerLand;Car;7;July;HolidayFlat;H.Flat Salzb. Land
Journey474;Recreation;1223;4;SalzbergerLand;Car;14;June;HolidayFlat;H.Flat Salzb. Land
Journey475;Active;484;3;SalzbergerLand;Car;7;July;HolidayFlat;H.Flat Salzb. Land
Journey476;Active;1228;4;SalzbergerLand;Car;14;June;HolidayFlat;H.Flat Salzb. Land
Journey477;Wandering;898;2;Styria;Car;14;June;TwoStars;Gasthof Mayer, Styria
Journey478;Recreation;478;3;Styria;Car;7;May;TwoStars;Gasthof Mayer, Styria
Journey479;Wandering;2372;3;Styria;Car;14;July;ThreeStars;Hotel Berghof, Styria
Journey480;Wandering;1227;4;Styria;Car;7;August;ThreeStars;Hotel Berghof, Styria
Journey481;Active;1578;2;Styria;Car;14;September;ThreeStars;Hotel Berghof, Styria
Journey482;Wandering;847;3;Styria;Car;7;May;FourStars;Hotel Haeuserl am Wald, Styria
Journey483;Recreation;678;2;Styria;Car;7;June;FourStars;Hotel Haeuserl am Wald, Styria
Journey484;Wandering;379;2;Styria;Car;7;July;HolidayFlat;H.Flat Styria
Journey485;Wandering;369;4;Styria;Car;7;August;HolidayFlat;H.Flat Styria
Journey486;Wandering;708;2;Styria;Car;14;September;HolidayFlat;H.Flat Styria
Journey487;Recreation;569;6;Styria;Car;7;August;HolidayFlat;H.Flat Styria
Journey488;Recreation;379;4;Styria;Car;7;July;HolidayFlat;H.Flat Styria
Journey489;Recreation;429;4;Styria;Car;7;June;HolidayFlat;H.Flat Styria
Journey490;Recreation;348;2;Styria;Car;14;May;HolidayFlat;H.Flat Styria
Journey491;Active;909;4;Styria;Car;7;July;HolidayFlat;H.Flat Styria
Journey492;Wandering;548;2;Tyrol;Car;7;May;OneStar;Gasthof Edelweiss, Tyrol
Journey493;Wandering;685;3;Tyrol;Car;7;June;OneStar;Gasthof Edelweiss, Tyrol
Journey494;Wandering;897;4;Tyrol;Car;7;July;TwoStars;Gasthof Post, Tyrol
Journey495;Wandering;2322;3;Tyrol;Car;14;August;TwoStars;Pension Tannenhof, Tyrol
Journey496;Recreation;698;2;Tyrol;Car;7;September;TwoStars;Gasthof Sonne, Tyrol
Journey497;Wandering;798;2;Tyrol;Car;7;August;ThreeStars;Gasthof Panorama, Tyrol
Journey498;Wandering;1808;2;Tyrol;Car;14;July;ThreeStars;Gasthof Panorama, Tyrol
Journey499;Recreation;1972;3;Tyrol;Car;14;June;ThreeStars;Ferienhotel Neuwirt, Tyrol
Journey500;Active;818;2;Tyrol;Car;7;June;ThreeStars;Ferienhotel Neuwirt, Tyrol
Journey501;Wandering;738;2;Tyrol;Car;7;May;FourStars;Hotel Wastlhof, Tyrol
Journey502;Wandering;3267;4;Tyrol;Car;14;July;FourStars;Hotel Klausen, Tyrol
Journey503;Recreation;1571;5;Tyrol;Car;7;August;FourStars;Hotel Unterwirt, Tyrol
Journey504;Wandering;1198;2;Tyrol;Car;7;September;FiveStars;Hotel Alpenresidence, Tyrol
Journey505;Recreation;1847;3;Tyrol;Car;7;July;FiveStars;Hotel Alpenresidence, Tyrol
Journey506;Active;3098;3;Tyrol;Car;14;August;FiveStars;Aparthotel Hopfgarten
Journey507;Wandering;449;3;Tyrol;Car;7;May;HolidayFlat;H.Flat Tyrol
Journey508;Wandering;654;5;Tyrol;Car;7;June;HolidayFlat;H.Flat Tyrol
Journey509;Wandering;539;4;Tyrol;Car;7;July;HolidayFlat;H.Flat Tyrol
Journey510;Wandering;609;5;Tyrol;Car;7;August;HolidayFlat;H.Flat Tyrol
Journey511;Wandering;484;2;Tyrol;Car;7;September;HolidayFlat;H.Flat Tyrol
Journey512;Wandering;789;6;Tyrol;Car;7;August;HolidayFlat;H.Flat Tyrol
Journey513;Wandering;838;3;Tyrol;Car;14;July;HolidayFlat;H.Flat Tyrol
Journey514;Wandering;728;2;Tyrol;Car;14;June;HolidayFlat;H.Flat Tyrol
Journey515;Recreation;729;5;Tyrol;Car;7;May;HolidayFlat;H.Flat Tyrol
Journey516;Recreation;849;6;Tyrol;Car;7;June;HolidayFlat;H.Flat Tyrol
Journey517;Recreation;494;3;Tyrol;Car;7;July;HolidayFlat;H.Flat Tyrol
Journey518;Recreation;599;5;Tyrol;Car;7;August;HolidayFlat;H.Flat Tyrol
Journey519;Recreation;688;2;Tyrol;Car;14;September;HolidayFlat;H.Flat Tyrol
Journey520;Active;789;7;Tyrol;Car;7;June;HolidayFlat;H.Flat Tyrol
Journey521;Active;1538;4;Tyrol;Car;14;July;HolidayFlat;H.Flat Tyrol
Journey522;Bathing;2518;2;Algarve;Plane;14;May;TwoStars;Anlage Aldeia, Algarve
Journey523;Bathing;2562;3;Algarve;Plane;14;June;TwoStars;Anlage Aldeia, Algarve
Journey524;Active;2371;3;Algarve;Plane;7;July;TwoStars;Anlage Aldeia, Algarve
Journey525;Bathing;3271;3;Algarve;Plane;21;September;ThreeStars;Hotel Tropico, Algarve
Journey526;Bathing;3398;2;Algarve;Plane;14;August;ThreeStars;Hotel Tropico, Algarve
Journey527;Bathing;2998;2;Algarve;Plane;14;June;ThreeStars;Hotel Tropico, Algarve
Journey528;Bathing;4253;4;Algarve;Plane;7;July;ThreeStars;Hotel California, Algarve
Journey529;Bathing;3758;2;Algarve;Plane;14;September;ThreeStars;Hotel California, Algarve
Journey530;Active;4885;3;Algarve;Plane;14;June;ThreeStars;Hotel California, Algarve
Journey531;Active;3958;2;Algarve;Plane;21;May;ThreeStars;Hotel California, Algarve
Journey532;Active;2678;2;Algarve;Plane;7;July;ThreeStars;Eurotel Altura, Algarve
Journey533;Recreation;3078;2;Algarve;Plane;14;April;ThreeStars;Eurotel Altura, Algarve
Journey534;Recreation;2158;2;Algarve;Plane;7;October;ThreeStars;Eurotel Altura, Algarve
Journey535;Bathing;3642;3;Algarve;Plane;14;July;FourStars;Hotel Neptuno, Algarve
Journey536;Active;4533;4;Algarve;Plane;14;August;FourStars;Hotel Neptuno, Algarve
Journey537;Bathing;3518;2;Madeira;Plane;14;June;TwoStars;Anlage Canico, Madeira
Journey538;Bathing;3440;3;Madeira;Plane;14;July;TwoStars;Anlage Canico, Madeira
Journey539;Bathing;4126;3;Madeira;Plane;21;August;TwoStars;Anlage Canico, Madeira
Journey540;Active;3518;2;Madeira;Plane;14;September;TwoStars;Anlage Canico, Madeira
Journey541;Bathing;3238;2;Madeira;Plane;14;June;ThreeStars;Hotel Mimosa, Madeira
Journey542;Bathing;4091;4;Madeira;Plane;7;July;ThreeStars;Hotel Mimosa, Madeira
Journey543;Bathing;4452;3;Madeira;Plane;21;September;ThreeStars;Hotel Mimosa, Madeira
Journey544;Active;3598;2;Madeira;Plane;14;August;ThreeStars;Hotel Orca Praia, Madeira
Journey545;Active;4438;2;Madeira;Plane;21;September;ThreeStars;Hotel Orca Praia, Madeira
Journey546;Recreation;4318;2;Madeira;Plane;21;May;ThreeStars;Hotel Orca Praia, Madeira
Journey547;Recreation;3318;2;Madeira;Plane;14;October;ThreeStars;Hotel Orca Praia, Madeira
Journey548;Bathing;2922;3;Madeira;Plane;7;July;FourStars;Hotel Raga, Madeira
Journey549;Bathing;5225;4;Madeira;Plane;14;August;FourStars;Hotel Raga, Madeira
Journey550;Active;3989;2;Madeira;Plane;14;June;FourStars;Hotel Oasis Atlantic, Madeira
Journey551;Active;3897;3;Madeira;Plane;7;July;FourStars;Hotel Oasis Atlantic, Madeira
Journey552;Recreation;469;4;Sweden;Car;7;June;HolidayFlat;H.Flat Sweden
Journey553;Recreation;799;6;Sweden;Car;7;July;HolidayFlat;H.Flat Sweden
Journey554;Recreation;519;5;Sweden;Car;7;August;HolidayFlat;H.Flat Sweden
Journey555;Recreation;539;4;Sweden;Car;7;September;HolidayFlat;H.Flat Sweden
Journey556;Recreation;989;6;Sweden;Car;7;October;HolidayFlat;H.Flat Sweden
Journey557;Recreation;649;6;Sweden;Car;7;August;HolidayFlat;H.Flat Sweden
Journey558;Recreation;779;4;Sweden;Car;7;July;HolidayFlat;H.Flat Sweden
Journey559;Recreation;1578;4;Sweden;Car;14;June;HolidayFlat;H.Flat Sweden
Journey560;Recreation;1538;4;Sweden;Car;14;July;HolidayFlat;H.Flat Sweden
Journey561;Recreation;1318;4;Sweden;Car;14;August;HolidayFlat;H.Flat Sweden
Journey562;Recreation;1178;6;Sweden;Car;14;September;HolidayFlat;H.Flat Sweden
Journey563;Wandering;639;6;Sweden;Car;7;June;HolidayFlat;H.Flat Sweden
Journey564;Wandering;799;6;Sweden;Car;7;July;HolidayFlat;H.Flat Sweden
Journey565;Wandering;789;4;Sweden;Car;7;August;HolidayFlat;H.Flat Sweden
Journey566;Wandering;938;4;Sweden;Car;14;September;HolidayFlat;H.Flat Sweden
Journey567;Wandering;764;3;Alps;Car;7;May;HolidayFlat;H.Flat Switzerland
Journey568;Wandering;494;2;Alps;Car;7;June;HolidayFlat;H.Flat Switzerland
Journey569;Wandering;989;6;Alps;Car;7;July;HolidayFlat;H.Flat Switzerland
Journey570;Wandering;799;4;Alps;Car;7;August;HolidayFlat;H.Flat Switzerland
Journey571;Wandering;839;2;Alps;Car;7;September;HolidayFlat;H.Flat Switzerland
Journey572;Wandering;799;3;Alps;Car;7;June;HolidayFlat;H.Flat Switzerland
Journey573;Wandering;779;6;Alps;Car;7;July;HolidayFlat;H.Flat Switzerland
Journey574;Wandering;529;4;Alps;Car;7;August;HolidayFlat;H.Flat Switzerland
Journey575;Wandering;858;3;Alps;Car;14;September;HolidayFlat;H.Flat Switzerland
Journey576;Wandering;1303;4;Alps;Car;14;June;HolidayFlat;H.Flat Switzerland
Journey577;Wandering;738;6;Alps;Car;14;May;HolidayFlat;H.Flat Switzerland
Journey578;Wandering;908;2;Alps;Car;14;July;HolidayFlat;H.Flat Switzerland
Journey579;Recreation;729;3;Alps;Car;7;May;HolidayFlat;H.Flat Switzerland
Journey580;Recreation;779;6;Alps;Car;7;June;HolidayFlat;H.Flat Switzerland
Journey581;Recreation;519;4;Alps;Car;7;July;HolidayFlat;H.Flat Switzerland
Journey582;Recreation;1184;4;Alps;Car;7;August;HolidayFlat;H.Flat Switzerland
Journey583;Recreation;629;2;Alps;Car;7;September;HolidayFlat;H.Flat Switzerland
Journey584;Recreation;858;3;Alps;Car;14;June;HolidayFlat;H.Flat Switzerland
Journey585;Recreation;1298;4;Alps;Car;14;July;HolidayFlat;H.Flat Switzerland
Journey586;Recreation;1958;6;Alps;Car;14;August;HolidayFlat;H.Flat Switzerland
Journey587;Bathing;1317;4;CostaBlanca;Car;7;August;TwoStars;Hotel Torre Dorada, Costa Blanca
Journey588;Bathing;2800;3;CostaBlanca;Car;14;July;ThreeStars;Hotel Galetamar, Costa Blanca
Journey589;Bathing;1058;2;CostaBlanca;Car;7;August;FourStars;Hotel Roca Esmeralda, Costa Blanca
Journey590;Bathing;3222;3;CostaBlanca;Car;14;July;FourStars;Hotel Roca Esmeralda, Costa Blanca
Journey591;Recreation;1014;10;CostaBlanca;Car;7;May;HolidayFlat;H.Flat Costa Blanca
Journey592;Recreation;539;4;CostaBlanca;Car;14;June;HolidayFlat;H.Flat Costa Blanca
Journey593;Active;1039;6;CostaBlanca;Car;7;July;HolidayFlat;H.Flat Costa Blanca
Journey594;Active;678;4;CostaBlanca;Car;14;September;HolidayFlat;H.Flat Costa Blanca
Journey595;Bathing;1039;8;CostaBlanca;Car;7;June;HolidayFlat;H.Flat Costa Blanca
Journey596;Bathing;2324;12;CostaBlanca;Car;7;July;HolidayFlat;H.Flat Costa Blanca
Journey597;Bathing;1229;2;CostaBlanca;Car;7;August;HolidayFlat;H.Flat Costa Blanca
Journey598;Bathing;789;5;CostaBlanca;Car;7;September;HolidayFlat;H.Flat Costa Blanca
Journey599;Bathing;649;3;CostaBlanca;Car;7;July;HolidayFlat;H.Flat Costa Blanca
Journey600;Bathing;1259;3;CostaBlanca;Car;7;August;HolidayFlat;H.Flat Costa Blanca
Journey601;Bathing;1038;4;CostaBlanca;Car;14;June;HolidayFlat;H.Flat Costa Blanca
Journey602;Bathing;1798;4;CostaBlanca;Car;14;July;HolidayFlat;H.Flat Costa Blanca
Journey603;Bathing;2038;8;CostaBlanca;Car;14;September;HolidayFlat;H.Flat Costa Blanca
Journey604;Bathing;1998;2;CostaBrava;Car;14;June;TwoStars;Hotel La Huerta, Costa Brava
Journey605;Bathing;2550;3;CostaBrava;Car;14;July;TwoStars;Hotel La Huerta, Costa Brava
Journey606;Active;2696;3;CostaBrava;Car;21;August;TwoStars;Hotel Mar Eden, Costa Brava
Journey607;Recreation;1558;2;CostaBrava;Car;7;September;TwoStars;Hotel Mar Eden, Costa Brava
Journey608;Bathing;2518;2;CostaBrava;Car;14;June;ThreeStars;Hotel Surf Mar, Costa Brava
Journey609;Bathing;6971;4;CostaBrava;Car;21;August;ThreeStars;Hotel Surf Mar, Costa Brava
Journey610;Bathing;3099;3;CostaBrava;Car;14;July;ThreeStars;Hotel Surf Mar, Costa Brava
Journey611;Bathing;1738;2;CostaBrava;Car;7;July;ThreeStars;Hotel Albatros, Costa Brava
Journey612;Active;2198;2;CostaBrava;Car;14;June;ThreeStars;Hotel Albatros, Costa Brava
Journey613;Recreation;2360;3;CostaBrava;Car;14;May;ThreeStars;Hotel Albatros, Costa Brava
Journey614;Bathing;2186;3;CostaBrava;Car;7;July;FourStars;Hotel Olympic Park, Costa Brava
Journey615;Bathing;2418;2;CostaBrava;Car;14;June;FourStars;Hotel Olympic Park, Costa Brava
Journey616;Bathing;3737;3;CostaBrava;Car;14;August;FourStars;Hotel Olympic Park, Costa Brava
Journey617;Active;3048;2;CostaBrava;Car;21;September;FourStars;Golden Hotel Port Salou, Costa Brava
Journey618;Recreation;3912;4;CostaBrava;Car;14;July;FourStars;Golden Hotel Port Salou, Costa Brava
Journey619;Bathing;3528;2;Fuerteventura;Plane;14;May;ThreeStars;Hotel Oliva Beach, Fuerteventura
Journey620;Bathing;4402;3;Fuerteventura;Plane;14;June;ThreeStars;Hotel Oliva Beach, Fuerteventura
Journey621;Bathing;6357;3;Fuerteventura;Plane;21;July;ThreeStars;Hotel Oliva Beach, Fuerteventura
Journey622;Bathing;3417;4;Fuerteventura;Plane;14;August;ThreeStars;Appartm. Rio Tropical, Fuerteventura
Journey623;Active;2598;2;Fuerteventura;Plane;14;September;ThreeStars;Appartm. Rio Tropical, Fuerteventura
Journey624;Active;2252;3;Fuerteventura;Plane;7;July;ThreeStars;Appartm. Rio Tropical, Fuerteventura
Journey625;Active;3678;2;Fuerteventura;Plane;14;August;ThreeStars;Hotel Crystal Beach, Fuerteventura
Journey626;Recreation;3578;2;Fuerteventura;Plane;14;June;ThreeStars;Hotel Crystal Beach, Fuerteventura
Journey627;Bathing;7161;3;Fuerteventura;Plane;21;June;FourStars;Hotel Rio Ventura, Fuerteventura
Journey628;Bathing;5709;3;Fuerteventura;Plane;14;July;FourStars;Hotel Rio Ventura, Fuerteventura
Journey629;Bathing;6369;4;Fuerteventura;Plane;14;August;FourStars;Hotel Rio Ventura, Fuerteventura
Journey630;Bathing;3188;2;Fuerteventura;Plane;7;June;FourStars;Hotel Rio Ventura, Fuerteventura
Journey631;Active;3428;2;Fuerteventura;Plane;14;September;FourStars;Hotel Rio Maxarota, Fuerteventura
Journey632;Active;4602;3;Fuerteventura;Plane;14;July;FourStars;Hotel Rio Maxarota, Fuerteventura
Journey633;Recreation;3188;2;Fuerteventura;Plane;14;May;FourStars;Hotel Rio Maxarota, Fuerteventura
Journey634;Bathing;2412;3;GranCanaria;Plane;14;May;TwoStars;Studios Puerto Plata, Gran Canaria
Journey635;Bathing;3125;3;GranCanaria;Plane;21;July;TwoStars;Studios Puerto Plata, Gran Canaria
Journey636;Bathing;2378;2;GranCanaria;Plane;14;September;TwoStars;Studios Brisamar, Gran Canaria
Journey637;Active;3177;4;GranCanaria;Plane;14;August;TwoStars;Studios Brisamar, Gran Canaria
Journey638;Bathing;2788;2;GranCanaria;Plane;14;May;ThreeStars;Hotel Riosol, Gran Canaria
Journey639;Bathing;4100;3;GranCanaria;Plane;21;June;ThreeStars;Hotel Riosol, Gran Canaria
Journey640;Bathing;2723;3;GranCanaria;Plane;7;July;ThreeStars;Hotel Caserio, Gran Canaria
Journey641;Active;4261;3;GranCanaria;Plane;14;August;ThreeStars;IFA Beach Hotel, Gran Canaria
Journey642;Active;3778;2;GranCanaria;Plane;21;September;ThreeStars;IFA Beach Hotel, Gran Canaria
Journey643;Recreation;2508;2;GranCanaria;Plane;7;August;ThreeStars;IFA Beach Hotel, Gran Canaria
Journey644;Bathing;3258;2;GranCanaria;Plane;14;June;FourStars;Hotel Las Margaritas, Gran Canaria
Journey645;Bathing;4252;3;GranCanaria;Plane;14;July;FourStars;Hotel Las Margaritas, Gran Canaria
Journey646;Bathing;3498;2;GranCanaria;Plane;21;September;FourStars;Hotel Caserio, Gran Canaria
Journey647;Active;2848;2;GranCanaria;Plane;14;May;FourStars;Hotel Caserio, Gran Canaria
Journey648;Active;3551;3;GranCanaria;Plane;14;August;FourStars;Hotel Caserio, Gran Canaria
Journey649;Bathing;2078;2;Ibiza;Plane;14;June;TwoStars;Pension Central, Ibiza
Journey650;Bathing;2498;2;Ibiza;Plane;21;September;TwoStars;Pension Central, Ibiza
Journey651;Bathing;2427;3;Ibiza;Plane;14;July;TwoStars;Hotel Llevant, Ibiza
Journey652;Active;2852;4;Ibiza;Plane;14;August;TwoStars;Hotel Llevant, Ibiza
Journey653;Active;1995;3;Ibiza;Plane;7;July;TwoStars;Hotel Llevant, Ibiza
Journey654;Bathing;2798;2;Ibiza;Plane;14;June;ThreeStars;Hotel Helios II, Ibiza
Journey655;Bathing;2878;2;Ibiza;Plane;14;July;ThreeStars;Hotel Helios II, Ibiza
Journey656;Bathing;3258;2;Ibiza;Plane;21;May;ThreeStars;Hotel Helios II, Ibiza
Journey657;Bathing;2343;3;Ibiza;Plane;7;August;ThreeStars;Hotel Atlantic, Ibiza
Journey658;Bathing;3217;3;Ibiza;Plane;14;June;ThreeStars;Hotel Atlantic, Ibiza
Journey659;Active;4832;4;Ibiza;Plane;14;July;ThreeStars;Hotel Atlantic, Ibiza
Journey660;Active;3558;2;Ibiza;Plane;21;September;ThreeStars;Hotel Atlantic, Ibiza
Journey661;Bathing;4398;2;Ibiza;Plane;14;June;FourStars;Club La Mola, Ibiza
Journey662;Bathing;4958;2;Ibiza;Plane;14;July;FourStars;Club La Mola, Ibiza
Journey663;Active;2090;3;Ibiza;Plane;7;August;FourStars;Hotel Nereida, Ibiza
Journey664;Bathing;1558;2;Mallorca;Plane;14;June;OneStar;Pension Marina, Mallorca
Journey665;Bathing;2397;3;Mallorca;Plane;14;July;OneStar;Pension Marina, Mallorca
Journey666;Bathing;2481;2;Mallorca;Plane;21;September;OneStar;Pension El Golea, Mallorca
Journey667;Bathing;1718;2;Mallorca;Plane;14;June;TwoStars;Pension Alcina, Mallorca
Journey668;Bathing;2410;4;Mallorca;Plane;7;August;TwoStars;Pension Alcina, Mallorca
Journey669;Recreation;1285;3;Mallorca;Plane;4;May;TwoStars;Hotel Manaus, Mallorca
Journey670;Active;1798;2;Mallorca;Plane;14;June;TwoStars;Hotel Vaquer, Mallorca
Journey671;Wandering;1676;3;Mallorca;Plane;7;September;TwoStars;Hotel Vaquer, Mallorca
Journey672;Bathing;2198;2;Mallorca;Plane;14;June;ThreeStars;Hotel Samu, Mallorca
Journey673;Bathing;3530;4;Mallorca;Plane;14;July;ThreeStars;Hotel Samu, Mallorca
Journey674;Bathing;1607;3;Mallorca;Plane;4;August;ThreeStars;Hotel Flamingo, Mallorca
Journey675;Bathing;3697;3;Mallorca;Plane;14;July;ThreeStars;Hotel Sol Lux, Mallorca
Journey676;Bathing;1858;2;Mallorca;Plane;7;August;ThreeStars;Hotel Sol Lux, Mallorca
Journey677;Bathing;2598;3;Mallorca;Plane;14;September;ThreeStars;Hotel Saturno, Mallorca
Journey678;Active;3058;2;Mallorca;Plane;21;May;ThreeStars;Hotel Saturno, Mallorca
Journey679;Bathing;1478;2;Mallorca;Plane;4;June;FourStars;Hotel Gran Fiesta, Mallorca
Journey680;Bathing;3644;4;Mallorca;Plane;7;July;FourStars;Anlage Lago Playa, Mallorca
Journey681;Bathing;3605;3;Mallorca;Plane;14;August;FourStars;Anlage Lago Playa, Mallorca
Journey682;Active;2678;2;Mallorca;Plane;14;June;FourStars;Lagotel-Club, Mallorca
Journey683;Active;1898;2;Mallorca;Plane;7;September;FourStars;Lagotel-Club, Mallorca
Journey684;Bathing;3417;3;Teneriffe;Plane;14;June;TwoStars;Studios Mare Verde, Teneriffe
Journey685;Bathing;2698;2;Teneriffe;Plane;21;September;TwoStars;Studios Mare Verde, Teneriffe
Journey686;Bathing;3837;3;Teneriffe;Plane;14;July;ThreeStars;Appartm. Parque Royal, Teneriffe
Journey687;Bathing;3507;4;Teneriffe;Plane;14;August;ThreeStars;Appartm. Parque Royal, Teneriffe
Journey688;Bathing;2278;2;Teneriffe;Plane;14;June;ThreeStars;Appartm. Parque Royal, Teneriffe
Journey689;Bathing;3194;3;Teneriffe;Plane;14;August;ThreeStars;Hotel Las Pyramides, Teneriffe
Journey690;Bathing;2858;2;Teneriffe;Plane;14;July;ThreeStars;Hotel Las Pyramides, Teneriffe
Journey691;Bathing;2068;2;Teneriffe;Plane;7;May;ThreeStars;Hotel Las Pyramides, Teneriffe
Journey692;Active;3278;2;Teneriffe;Plane;21;June;ThreeStars;Hotel Internacional, Teneriffe
Journey693;Recreation;2178;2;Teneriffe;Plane;7;October;ThreeStars;Hotel Internacional, Teneriffe
Journey694;Bathing;4011;3;Teneriffe;Plane;14;August;FourStars;Hotel Sol, Teneriffe
Journey695;Bathing;4287;3;Teneriffe;Plane;14;July;FourStars;Hotel Sol, Teneriffe
Journey696;Bathing;2488;2;Teneriffe;Plane;7;June;FourStars;Hotel Sol, Teneriffe
Journey697;Active;5532;4;Teneriffe;Plane;14;August;FourStars;Hotel Florida, Teneriffe
Journey698;Active;4810;3;Teneriffe;Plane;21;May;FourStars;Hotel Florida, Teneriffe
Journey699;Wandering;758;2;GiantMountains;Car;7;May;TwoStars;Hotel Bedrichov, Giant Mountains
Journey700;Wandering;858;2;GiantMountains;Car;7;June;TwoStars;Hotel Bedrichov, Giant Mountains
Journey701;Wandering;1118;4;GiantMountains;Car;7;July;TwoStars;Hotel Energetik, Giant Mountains
Journey702;Wandering;1698;3;GiantMountains;Car;14;August;TwoStars;Hotel Energetik, Giant Mountains
Journey703;Wandering;1138;2;GiantMountains;Car;14;September;TwoStars;Hotel Karolina, Giant Mountains
Journey704;Recreation;798;2;GiantMountains;Car;7;August;TwoStars;Hotel Karolina, Giant Mountains
Journey705;Recreation;678;3;GiantMountains;Car;7;July;TwoStars;Waldhotel Trakce, Giant Mountains
Journey706;Recreation;938;2;GiantMountains;Car;7;June;ThreeStars;Hotel Arnika, Giant Mountains
Journey707;Recreation;1498;2;GiantMountains;Car;14;May;ThreeStars;Hotel Arnika, Giant Mountains
Journey708;Wandering;698;2;GiantMountains;Car;7;June;ThreeStars;Hotel Horal, Giant Mountains
Journey709;Wandering;1806;3;GiantMountains;Car;14;September;ThreeStars;Hotel Horal, Giant Mountains
Journey710;Wandering;807;3;GiantMountains;Bus;7;May;TwoStars;Hotel Bedrichov, Giant Mountains
Journey711;Recreation;2274;4;GiantMountains;Bus;14;June;TwoStars;Hotel Bedrichov, Giant Mountains
Journey712;Recreation;1185;3;GiantMountains;Train;7;August;ThreeStars;Hotel Horal, Giant Mountains
Journey713;Wandering;698;2;GiantMountains;Train;7;September;ThreeStars;Hotel Horal, Giant Mountains
Journey714;Bathing;2178;2;TurkishAegeanSea;Plane;14;June;TwoStars;Hotel Villa Soel, Turk. Aegean Sea
Journey715;Bathing;2483;3;TurkishAegeanSea;Plane;14;July;TwoStars;Hotel Villa Soel, Turk. Aegean Sea
Journey716;Bathing;4770;4;TurkishAegeanSea;Plane;21;August;ThreeStars;Hotel Alinda, Turk. Aegean Sea
Journey717;Active;2578;2;TurkishAegeanSea;Plane;14;September;ThreeStars;Hotel Alinda, Turk. Aegean Sea
Journey718;Active;3065;3;TurkishAegeanSea;Plane;7;July;ThreeStars;Hotel Turunc, Turk. Aegean Sea
Journey719;Bathing;2758;2;TurkishAegeanSea;Plane;14;August;ThreeStars;Hotel Turunc, Turk. Aegean Sea
Journey720;Education;2878;2;TurkishAegeanSea;Plane;14;May;FourStars;Hotel Marti, Turk. Aegean Sea
Journey721;Bathing;1958;2;TurkishAegeanSea;Plane;14;June;TwoStars;Hotel Talat, Turk. Aegean Sea
Journey722;Bathing;3171;3;TurkishAegeanSea;Plane;14;July;ThreeStars;Club Pigale, Turk. Aegean Sea
Journey723;Bathing;2412;3;TurkishAegeanSea;Plane;7;August;ThreeStars;Club Pigale, Turk. Aegean Sea
Journey724;Bathing;2878;2;TurkishAegeanSea;Plane;14;September;ThreeStars;Hotel Batihan, Turk. Aegean Sea
Journey725;Education;3278;2;TurkishAegeanSea;Plane;21;May;ThreeStars;Hotel Batihan, Turk. Aegean Sea
Journey726;Bathing;4313;4;TurkishAegeanSea;Plane;14;August;FourStars;Hotel Biltur, Turk. Aegean Sea
Journey727;Bathing;3010;3;TurkishAegeanSea;Plane;7;July;FourStars;Hotel Biltur, Turk. Aegean Sea
Journey728;Active;2918;2;TurkishAegeanSea;Plane;14;June;FourStars;Club Ephesus Princess, Turk. Aegean Sea
Journey729;Bathing;2298;2;TurkishRiviera;Plane;14;June;TwoStars;Hotel Alaiye, Turk. Riviera
Journey730;Bathing;2941;3;TurkishRiviera;Plane;14;July;TwoStars;Hotel Alaiye, Turk. Riviera
Journey731;Active;3160;3;TurkishRiviera;Plane;21;September;TwoStars;Hotel Alaiye, Turk. Riviera
Journey732;Bathing;4107;4;TurkishRiviera;Plane;14;August;ThreeStars;Hotel Panorama, Turk. Riviera
Journey733;Bathing;2838;2;TurkishRiviera;Plane;14;July;ThreeStars;Hotel Panorama, Turk. Riviera
Journey734;Bathing;2738;2;TurkishRiviera;Plane;14;June;ThreeStars;Hotel Panorama, Turk. Riviera
Journey735;Bathing;2258;2;TurkishRiviera;Plane;7;August;ThreeStars;Hotel Akropol, Turk. Riviera
Journey736;Bathing;3891;3;TurkishRiviera;Plane;21;June;ThreeStars;Hotel Akropol, Turk. Riviera
Journey737;Active;3058;2;TurkishRiviera;Plane;14;September;ThreeStars;Hotel Sueral Garden, Turk. Riviera
Journey738;Education;2698;2;TurkishRiviera;Plane;14;May;ThreeStars;Hotel Sueral Garden, Turk. Riviera
Journey739;Bathing;3258;2;TurkishRiviera;Plane;14;June;FourStars;Hotel Botanik, Turk. Riviera
Journey740;Bathing;3325;3;TurkishRiviera;Plane;7;July;FourStars;Hotel Botanik, Turk. Riviera
Journey741;Bathing;3258;3;TurkishRiviera;Plane;14;September;FourStars;Hotel Botanik, Turk. Riviera
Journey742;Active;2898;2;TurkishRiviera;Plane;14;May;FourStars;Hotel Sueral, Turk. Riviera
Journey743;Education;2498;2;TurkishRiviera;Plane;14;October;FourStars;Hotel Sueral, Turk. Riviera
Journey744;Bathing;2778;3;Tunisia;Plane;14;July;TwoStars;Hotel Solymar, Tunisia
Journey745;Bathing;1778;2;Tunisia;Plane;14;June;TwoStars;Hotel Solymar, Tunisia
Journey746;Recreation;2058;2;Tunisia;Plane;14;May;TwoStars;Hotel-Club Ramses, Tunisia
Journey747;Active;2637;3;Tunisia;Plane;14;September;TwoStars;Hotel-Club Ramses, Tunisia
Journey748;Bathing;4114;3;Tunisia;Plane;14;June;ThreeStars;Hotel Montazah, Tunisia
Journey749;Bathing;3464;4;Tunisia;Plane;7;July;ThreeStars;Hotel Montazah, Tunisia
Journey750;Bathing;3203;3;Tunisia;Plane;14;August;ThreeStars;Hotel-Club Nador, Tunisia
Journey751;Recreation;2768;2;Tunisia;Plane;21;June;ThreeStars;Hotel-Club Nador, Tunisia
Journey752;Recreation;2258;2;Tunisia;Plane;14;May;ThreeStars;Hotel Aqua Viva, Tunisia
Journey753;Active;2964;3;Tunisia;Plane;14;September;ThreeStars;Hotel Aqua Viva, Tunisia
Journey754;Bathing;2808;2;Tunisia;Plane;14;June;FourStars;Hotel Paradise, Tunisia
Journey755;Bathing;4773;4;Tunisia;Plane;14;July;FourStars;Hotel Paradise, Tunisia
Journey756;Recreation;1888;2;Tunisia;Plane;14;May;FourStars;Hotel Royal Golf, Tunisia
Journey757;Bathing;2228;2;Tunisia;Plane;7;June;FourStars;Hotel Royal Golf, Tunisia
Journey758;Active;2898;2;Tunisia;Plane;14;August;FourStars;Hotel Jockey Club, Tunisia
Journey759;Active;2879;3;Tunisia;Plane;14;September;FourStars;Hotel Jockey Club, Tunisia
Journey760;Bathing;3537;4;Balaton;Car;14;July;ThreeStars;Hotel Marina, Balaton
Journey761;Bathing;2447;3;Balaton;Car;21;August;ThreeStars;Hotel Marina, Balaton
Journey762;Bathing;2758;3;Balaton;Car;14;July;FourStars;Hotel Helikon, Balaton
Journey763;Recreation;2758;2;Balaton;Car;14;June;FourStars;Hotel Helikon, Balaton
Journey764;Bathing;879;9;Balaton;Car;7;June;HolidayFlat;H.Flat Balaton
Journey765;Bathing;759;5;Balaton;Car;7;July;HolidayFlat;H.Flat Balaton
Journey766;Bathing;798;2;Balaton;Car;14;August;HolidayFlat;H.Flat Balaton
Journey767;Recreation;658;3;Balaton;Car;14;May;HolidayFlat;H.Flat Balaton
Journey768;Recreation;279;2;Balaton;Car;7;June;HolidayFlat;H.Flat Balaton
Journey769;Active;1498;7;Balaton;Car;14;September;HolidayFlat;H.Flat Balaton
Journey770;Recreation;434;2;Belgium;Car;7;November;HolidayFlat;Ferienpark Atlantis, Belgium
Journey771;Recreation;434;3;Belgium;Car;7;December;HolidayFlat;Ferienpark Atlantis, Belgium
Journey772;Recreation;739;4;Belgium;Car;14;February;HolidayFlat;Ferienpark Atlantis, Belgium
Journey773;Active;434;2;Belgium;Car;7;November;HolidayFlat;Ferienpark Atlantis, Belgium
Journey774;Active;1068;4;Belgium;Car;14;March;HolidayFlat;Ferienpark Atlantis, Belgium
Journey775;Recreation;314;2;Belgium;Car;3;November;HolidayFlat;Ferienpark Atlantis, Belgium
Journey776;Active;394;6;Belgium;Car;4;January;HolidayFlat;Ferienpark Atlantis, Belgium
Journey777;Recreation;649;4;Belgium;Car;7;November;HolidayFlat;SunParks De Haan,Belgium
Journey778;Active;879;8;Belgium;Car;7;December;HolidayFlat;SunParks De Haan,Belgium
Journey779;Recreation;719;6;Belgium;Car;7;January;HolidayFlat;SunParks De Haan,Belgium
Journey780;Active;369;4;Belgium;Car;4;December;HolidayFlat;SunParks De Haan,Belgium
Journey781;Recreation;849;3;Belgium;Car;7;February;HolidayFlat;SunParks Groendyk, Belgium
Journey782;Active;649;6;Belgium;Car;7;November;HolidayFlat;SunParks Groendyk, Belgium
Journey783;Recreation;339;5;Belgium;Car;4;February;HolidayFlat;SunParks Groendyk, Belgium
Journey784;Recreation;1338;4;Belgium;Car;14;January;HolidayFlat;SunParks Rauwse Meren, Belgium
Journey785;Active;959;5;Belgium;Car;7;February;HolidayFlat;SunParks Rauwse Meren, Belgium
Journey786;Active;499;4;Belgium;Car;3;December;HolidayFlat;SunParks Rauwse Meren, Belgium
Journey787;Recreation;649;4;Belgium;Car;7;March;HolidayFlat;SunParks Vielsalm, Belgium
Journey788;Active;919;8;Belgium;Car;7;November;HolidayFlat;SunParks Vielsalm, Belgium
Journey789;Recreation;619;6;Belgium;Car;4;March;HolidayFlat;SunParks Vielsalm, Belgium
Journey790;Recreation;699;2;Denmark;Car;7;November;HolidayFlat;Ferienpark Lalandia, Denmark
Journey791;Recreation;699;3;Denmark;Car;7;December;HolidayFlat;Ferienpark Lalandia, Denmark
Journey792;Active;439;4;Denmark;Car;4;January;HolidayFlat;Ferienpark Lalandia, Denmark
Journey793;Recreation;639;4;Denmark;Car;7;February;HolidayFlat;Feriencenter Rodhus Klit, Denmark
Journey794;Active;639;5;Denmark;Car;7;March;HolidayFlat;Feriencenter Rodhus Klit, Denmark
Journey795;Active;1278;4;Denmark;Car;14;November;HolidayFlat;Feriencenter Rodhus Klit, Denmark
Journey796;Recreation;629;4;Denmark;Car;7;February;HolidayFlat;Feriencenter Vigso, Denmark
Journey797;Active;629;6;Denmark;Car;7;January;HolidayFlat;Feriencenter Vigso, Denmark
Journey798;Recreation;509;4;Denmark;Car;7;March;HolidayFlat;Feriencenter Danland, Denmark
Journey799;Active;889;8;Denmark;Car;7;February;HolidayFlat;Feriencenter Danland, Denmark
Journey800;Recreation;579;2;Denmark;Car;7;January;HolidayFlat;H.Flat Ronbjerg Strand, Denmark
Journey801;Recreation;719;4;Denmark;Car;7;February;HolidayFlat;H.Flat Ronbjerg Strand, Denmark
Journey802;Active;1638;6;Denmark;Car;14;March;HolidayFlat;H.Flat Ronbjerg Strand, Denmark
Journey803;Recreation;849;4;Fano;Car;7;January;HolidayFlat;Ferienpark Fano, Denmark
Journey804;Active;1089;6;Fano;Car;7;March;HolidayFlat;Ferienpark Fano, Denmark
Journey805;Recreation;499;3;Holland;Car;7;November;HolidayFlat;Ferienpark Port Greve, Holland
Journey806;Recreation;529;4;Holland;Car;7;December;HolidayFlat;Ferienpark Port Greve, Holland
Journey807;Active;609;6;Holland;Car;7;February;HolidayFlat;Ferienpark Port Greve, Holland
Journey808;Recreation;354;4;Holland;Car;3;January;HolidayFlat;Ferienpark Port Greve, Holland
Journey809;Active;339;2;Holland;Car;4;November;HolidayFlat;Ferienpark Port Greve, Holland
Journey810;Active;538;2;Poland;Car;7;January;ThreeStars;Hotel Maurizius, Poland
Journey811;Skiing;822;3;Poland;Car;7;February;ThreeStars;Hotel Maurizius, Poland
Journey812;Recreation;1076;4;Poland;Car;7;February;ThreeStars;Hotel Maurizius, Poland
Journey813;Active;1602;3;Poland;Car;14;January;TwoStars;Hotel Anna Maria, Poland
Journey814;Skiing;558;2;Poland;Car;7;February;TwoStars;Hotel Anna Maria, Poland
Journey815;Recreation;807;4;Poland;Car;7;March;TwoStars;Hotel Anna Maria, Poland
Journey816;Active;898;2;Poland;Car;14;January;TwoStars;Hotel Karolinka, Poland
Journey817;Skiing;478;2;Poland;Car;7;February;TwoStars;Hotel Karolinka, Poland
Journey818;Recreation;687;3;Poland;Car;7;March;TwoStars;Hotel Karolinka, Poland
Journey819;Active;319;2;Poland;Car;7;January;TwoStars;Hotel Ametyst, Poland
Journey820;Skiing;1962;4;Poland;Car;14;February;TwoStars;Hotel Ametyst, Poland
Journey821;Recreation;329;2;Poland;Car;7;February;TwoStars;Hotel Ametyst, Poland
Journey822;Active;987;3;Poland;Car;7;February;TwoStars;Hotel Piecuch, Poland
Journey823;Skiing;638;2;Poland;Car;7;March;TwoStars;Hotel Piecuch, Poland
Journey824;Recreation;1276;4;Poland;Car;7;January;TwoStars;Hotel Piecuch, Poland
Journey825;Active;858;2;Slowakei;Car;7;January;TwoStars;Hotel Banik, High Tatra
Journey826;Skiing;1647;3;Slowakei;Car;7;February;TwoStars;Hotel Banik, High Tatra
Journey827;Active;1028;2;Slowakei;Car;14;February;ThreeStars;Hotel Fis, High Tatra
Journey828;Skiing;1098;2;Slowakei;Car;7;March;ThreeStars;Hotel Fis, High Tatra
Journey829;Skiing;1572;3;Slowakei;Car;7;January;ThreeStars;Hotel Patria, High Tatra
Journey830;Recreation;1738;2;Slowakei;Car;7;February;ThreeStars;Hotel Patria, High Tatra
Journey831;Active;3777;3;Slowakei;Car;14;February;ThreeStars;Hotel Panorama, High Tatra
Journey832;Skiing;1048;2;Slowakei;Car;7;March;ThreeStars;Hotel Panorama, High Tatra
Journey833;Skiing;598;2;Slowakei;Car;7;January;ThreeStars;Hotel Hutnik, High Tatra
Journey834;Active;1816;4;Slowakei;Car;7;February;ThreeStars;Hotel Hutnik, High Tatra
Journey835;Active;2097;3;Slowakei;Car;7;February;ThreeStars;Hotel Slovakia, High Tatra
Journey836;Recreation;1198;2;Slowakei;Car;7;March;ThreeStars;Hotel Slovakia, High Tatra
Journey837;Skiing;1257;3;Slowakei;Car;14;March;TwoStars;Hotel Vesel, High Tatra
Journey838;Recreation;2036;4;Slowakei;Car;7;February;TwoStars;Hotel Vesel, High Tatra
Journey839;Active;2334;6;Slowakei;Car;14;February;TwoStars;Hotel Zornicka, High Tatra
Journey840;Skiing;1795;5;Slowakei;Car;7;January;TwoStars;Hotel Zornicka, High Tatra
Journey841;Active;748;2;Slowakei;Car;7;January;TwoStars;Hotel Sverma, High Tatra
Journey842;Skiing;1497;3;Slowakei;Car;7;February;TwoStars;Hotel Sverma, High Tatra
Journey843;Skiing;1272;3;Slowakei;Car;7;February;OneStar;Pension Bjoernson, High Tatra
Journey844;Skiing;888;2;Slowakei;Car;7;March;OneStar;Pension Bjoernson, High Tatra
Journey845;Skiing;1152;4;Czechia;Car;7;January;ThreeStars;Hotel Horal, Giant Mountains
Journey846;Skiing;1414;3;Czechia;Car;7;February;ThreeStars;Hotel Horal, Giant Mountains
Journey847;Active;798;2;Czechia;Car;14;March;ThreeStars;Hotel Horal, Giant Mountains
Journey848;Skiing;698;2;Czechia;Car;7;January;ThreeStars;Hotel Montana, Giant Mountains
Journey849;Active;1372;3;Czechia;Car;7;February;ThreeStars;Hotel Montana, Giant Mountains
Journey850;Skiing;1737;3;Czechia;Car;7;February;ThreeStars;Hotel Arnika, Giant Mountains
Journey851;Skiing;998;2;Czechia;Car;7;March;ThreeStars;Hotel Arnika, Giant Mountains
Journey852;Recreation;1737;3;Czechia;Car;14;January;ThreeStars;Hotel Arnika, Giant Mountains
Journey853;Skiing;1596;4;Czechia;Car;7;February;TwoStars;Hotel Energetik, Giant Mountains
Journey854;Active;638;2;Czechia;Car;7;March;TwoStars;Hotel Energetik, Giant Mountains
Journey855;Skiing;897;3;Czechia;Car;14;February;OneStar;Hotel Central, Giant Mountains
Journey856;Active;458;2;Czechia;Car;7;January;OneStar;Hotel Central, Giant Mountains
Journey857;Skiing;698;2;Czechia;Car;7;March;TwoStars;Berghotel Cubat, Giant Mountains
Journey858;Skiing;1047;3;Czechia;Car;7;February;TwoStars;Berghotel Cubat, Giant Mountains
Journey859;Active;488;2;Czechia;Car;7;January;OneStar;Pension Trakce, Giant Mountains
Journey860;Recreation;1096;4;Czechia;Car;7;February;OneStar;Pension Trakce, Giant Mountains
Journey861;Skiing;458;2;Czechia;Car;7;March;OneStar;Pension Protez, Giant Mountains
Journey862;Recreation;1180;3;Czechia;Car;14;February;OneStar;Pension Protez, Giant Mountains
Journey863;Active;892;4;Czechia;Car;7;January;OneStar;Hotel Sirena, Giant Mountains
Journey864;Skiing;718;2;Czechia;Car;7;February;OneStar;Hotel Sirena, Giant Mountains
Journey865;Skiing;974;5;Czechia;Car;7;March;HolidayFlat;H.Flat Giant Mountains
Journey866;Skiing;974;3;Czechia;Car;7;February;HolidayFlat;H.Flat Giant Mountains
Journey867;Skiing;1108;4;Czechia;Car;14;January;HolidayFlat;H.Flat Adlergebirge
Journey868;Active;579;6;Czechia;Car;7;March;HolidayFlat;H.Flat Bohemian Forest
Journey869;Active;664;4;Czechia;Car;7;February;HolidayFlat;H.Flat Bohemian Forest
Journey870;Active;4332;4;Allgaeu;Car;7;December;FiveStars;Hofgut Kuernach, Allgaeu
Journey871;Skiing;1868;2;Allgaeu;Car;7;January;FiveStars;Hofgut Kuernach, Allgaeu
Journey872;Recreation;2428;3;Allgaeu;Car;7;February;FiveStars;Hofgut Kuernach, Allgaeu
Journey873;Active;1822;3;Allgaeu;Car;14;March;ThreeStars;Hotel Alpenblick, Allgaeu
Journey874;Skiing;1458;2;Allgaeu;Car;7;February;ThreeStars;Hotel Alpenblick, Allgaeu
Journey875;Skiing;1822;3;Allgaeu;Car;7;January;ThreeStars;Hotel Alpenblick, Allgaeu
Journey876;Active;2248;2;Allgaeu;Car;7;December;FiveStars;Alpenhotel, Allgaeu
Journey877;Skiing;2447;3;Allgaeu;Car;7;January;FiveStars;Alpenhotel, Allgaeu
Journey878;Recreation;2937;4;Allgaeu;Car;7;February;FiveStars;Alpenhotel, Allgaeu
Journey879;Active;1058;3;Allgaeu;Car;14;March;TwoStars;Gaestehaus Meier, Allgaeu
Journey880;Skiing;1587;4;Allgaeu;Car;7;February;TwoStars;Gaestehaus Meier, Allgaeu
Journey881;Recreation;688;2;Allgaeu;Car;7;January;TwoStars;Gaestehaus Meier, Allgaeu
Journey882;Skiing;530;4;Allgaeu;Car;7;December;HolidayFlat;H.Flat Nadenberg, Allgaeu
Journey883;Active;645;8;Allgaeu;Car;7;January;HolidayFlat;H.Flat Nadenberg, Allgaeu
Journey884;Skiing;745;6;Allgaeu;Car;7;February;HolidayFlat;H.Flat Nadenberg, Allgaeu
Journey885;Skiing;1188;2;Allgaeu;Car;14;March;HolidayFlat;H.Flat Oberallgaeu
Journey886;Recreation;879;4;Allgaeu;Car;7;February;HolidayFlat;H.Flat Oberallgaeu
Journey887;Active;624;3;Allgaeu;Car;7;January;HolidayFlat;H.Flat Oberallgaeu
Journey888;Skiing;459;3;Allgaeu;Car;8;December;HolidayFlat;H.Flat Alpina, Allgaeu
Journey889;Skiing;424;4;Allgaeu;Car;7;January;HolidayFlat;H.Flat Alpina, Allgaeu
Journey890;Recreation;1568;4;Allgaeu;Car;14;February;HolidayFlat;H.Flat Alpina, Allgaeu
Journey891;Skiing;854;4;Allgaeu;Car;7;March;HolidayFlat;H.Flat Reichenbach, Allgaeu
Journey892;Active;984;6;Allgaeu;Car;7;February;HolidayFlat;H.Flat Reichenbach, Allgaeu
Journey893;Recreation;439;2;Allgaeu;Car;7;January;HolidayFlat;H.Flat Sonnenhalde, Allgaeu
Journey894;Recreation;799;3;Allgaeu;Car;10;December;HolidayFlat;H.Flat Sonnenhalde, Allgaeu
Journey895;Active;998;3;Bavaria;Car;7;December;ThreeStars;Sporthotel Rosenberger, Bavaria
Journey896;Skiing;798;2;Bavaria;Car;7;January;ThreeStars;Sporthotel Rosenberger, Bavaria
Journey897;Skiing;998;3;Bavaria;Car;7;February;ThreeStars;Sporthotel Rosenberger, Bavaria
Journey898;Active;1348;2;Bavaria;Car;7;December;FourStars;H.Flat Eichenbuehl, Allgaeu
Journey899;Skiing;1147;3;Bavaria;Car;7;January;FourStars;H.Flat Eichenbuehl, Allgaeu
Journey900;Recreation;3188;2;Bavaria;Car;14;February;ThreeStars;Hotel Bavaria, Bavaria
Journey901;Active;3448;2;Bavaria;Car;10;December;ThreeStars;Hotel Bavaria, Bavaria
Journey902;Active;1658;2;Bavaria;Car;7;January;FourStars;Residenz Ludwig, Bavaria
Journey903;Skiing;2072;3;Bavaria;Car;7;February;FourStars;Residenz Ludwig, Bavaria
Journey904;Active;2985;3;Bavaria;Car;14;February;FourStars;Hotel Seidlpark, Bavaria
Journey905;Skiing;1658;2;Bavaria;Car;7;March;FourStars;Hotel Seidlpark, Bavaria
Journey906;Active;745;3;Bavaria;Car;7;January;TwoStars;Pension Laerchenhof, Bavaria
Journey907;Recreation;949;4;Bavaria;Car;7;February;TwoStars;Pension Laerchenhof, Bavaria
Journey908;Active;684;2;Bavaria;Car;7;January;HolidayFlat;H.Flat Chiemgau, Bavaria
Journey909;Skiing;1164;5;Bavaria;Car;14;February;HolidayFlat;H.Flat Chiemgau, Bavaria
Journey910;Active;529;4;Bavaria;Car;7;December;HolidayFlat;H.Flat Reiterhof, Bavaria
Journey911;Recreation;484;2;Bavaria;Car;7;February;HolidayFlat;H.Flat Reiterhof, Bavaria
Journey912;Skiing;449;2;Bavaria;Car;7;January;HolidayFlat;H.Flat Wildgatter, Bavaria
Journey913;Skiing;774;6;Bavaria;Car;7;February;HolidayFlat;H.Flat Wildgatter, Bavaria
Journey914;Active;379;2;Bavaria;Car;7;January;HolidayFlat;H.Flat Am Hochwald, Bavaria
Journey915;Recreation;459;3;Bavaria;Car;14;February;HolidayFlat;H.Flat Am Hochwald, Bavaria
Journey916;Active;454;3;Bavaria;Car;7;January;HolidayFlat;H.Flat Christopherhof, Bavaria
Journey917;Skiing;774;8;Bavaria;Car;7;March;HolidayFlat;H.Flat Christopherhof, Bavaria
Journey918;Recreation;699;6;Bavaria;Car;7;January;HolidayFlat;H.Flat Jaegerwiesen, Bavaria
Journey919;Active;1018;3;Bavaria;Car;14;February;HolidayFlat;H.Flat Jaegerwiesen, Bavaria
Journey920;Recreation;1338;2;ErzGebirge;Car;7;December;ThreeStars;Hotel Lugsteinhof, Erz Gebirge
Journey921;Skiing;1472;3;ErzGebirge;Car;7;January;ThreeStars;Hotel Lugsteinhof, Erz Gebirge
Journey922;Recreation;1257;4;ErzGebirge;Car;7;February;ThreeStars;Hotel Am Fichtelberg, Erz Gebirge
Journey923;Skiing;1178;2;ErzGebirge;Car;7;March;ThreeStars;Hotel Am Fichtelberg, Erz Gebirge
Journey924;Active;1257;4;ErzGebirge;Car;7;February;ThreeStars;Sporthotel Oberwiesenthal, Erz Gebirge
Journey925;Skiing;1338;2;ErzGebirge;Car;7;December;ThreeStars;Sporthotel Oberwiesenthal, Erz Gebirge
Journey926;Recreation;1235;3;ErzGebirge;Car;7;January;ThreeStars;Rathaushotel, Erz Gebirge
Journey927;Active;1482;4;ErzGebirge;Car;7;February;ThreeStars;Rathaushotel, Erz Gebirge
Journey928;Recreation;838;2;ErzGebirge;Car;14;March;ThreeStars;Hotel Stephanshoehe, Erz Gebirge
Journey929;Recreation;1472;3;ErzGebirge;Car;7;February;ThreeStars;Hotel Stephanshoehe, Erz Gebirge
Journey930;Skiing;604;2;ErzGebirge;Car;14;December;ThreeStars;Hotel Vogtland, Erz Gebirge
Journey931;Recreation;1782;4;ErzGebirge;Car;7;January;ThreeStars;Hotel Vogtland, Erz Gebirge
Journey932;Active;2935;3;ErzGebirge;Car;14;January;ThreeStars;Kurhotel Am See, Erz Gebirge
Journey933;Recreation;838;2;ErzGebirge;Car;7;March;ThreeStars;Kurhotel Am See, Erz Gebirge
Journey934;Recreation;1257;4;ErzGebirge;Car;7;February;ThreeStars;Kurhotel Am See, Erz Gebirge
Journey935;Recreation;559;6;ErzGebirge;Car;7;December;HolidayFlat;H.Flat Haus Vogtland, Erz Gebirge
Journey936;Recreation;549;7;ErzGebirge;Car;7;January;HolidayFlat;H.Flat Haus Vogtland, Erz Gebirge
Journey937;Active;1098;5;ErzGebirge;Car;14;March;HolidayFlat;H.Flat Haus Vogtland, Erz Gebirge
Journey938;Active;549;6;ErzGebirge;Car;7;February;HolidayFlat;H.Flat Haus Vogtland, Erz Gebirge
Journey939;Skiing;549;4;ErzGebirge;Car;7;February;HolidayFlat;H.Flat Haus Vogtland, Erz Gebirge
Journey940;Recreation;2128;2;Harz;Car;7;December;ThreeStars;Aparthotel Bocksberg, Harz
Journey941;Recreation;1910;3;Harz;Car;7;January;ThreeStars;Aparthotel Bocksberg, Harz
Journey942;Wandering;1648;2;Harz;Car;7;February;ThreeStars;Aparthotel Bocksberg, Harz
Journey943;Skiing;2007;4;Harz;Car;7;March;ThreeStars;Aparthotel Bocksberg, Harz
Journey944;Recreation;2368;2;Harz;Car;10;December;ThreeStars;Travelhotel Waldfrieden, Harz
Journey945;Recreation;1485;3;Harz;Car;7;January;ThreeStars;Travelhotel Waldfrieden, Harz
Journey946;Wandering;1298;2;Harz;Car;7;February;ThreeStars;Travelhotel Waldfrieden, Harz
Journey947;Active;1782;4;Harz;Car;7;March;ThreeStars;Travelhotel Waldfrieden, Harz
Journey948;Recreation;2007;4;Harz;Car;7;December;TwoStars;Hotel Harzquell, Harz
Journey949;Wandering;1168;2;Harz;Car;14;January;TwoStars;Hotel Harzquell, Harz
Journey950;Skiing;1460;3;Harz;Car;7;February;TwoStars;Hotel Harzquell, Harz
Journey951;Recreation;1522;3;Harz;Car;7;December;TwoStars;Hotel Fuerstenhoeh, Harz
Journey952;Recreation;1482;4;Harz;Car;7;January;TwoStars;Hotel Fuerstenhoeh, Harz
Journey953;Skiing;1235;3;Harz;Car;7;February;TwoStars;Hotel Fuerstenhoeh, Harz
Journey954;Wandering;599;3;Harz;Car;14;November;HolidayFlat;H.Flat Panoramic, Harz
Journey955;Recreation;679;5;Harz;Car;7;January;HolidayFlat;H.Flat Panoramic, Harz
Journey956;Recreation;419;2;Harz;Car;7;February;HolidayFlat;H.Flat Ferienpark, Harz
Journey957;Wandering;1114;4;Harz;Car;10;December;HolidayFlat;H.Flat Ferienpark, Harz
Journey958;Skiing;324;3;Harz;Car;7;December;HolidayFlat;H.Flat Teichtal, Harz
Journey959;Skiing;499;6;Harz;Car;7;February;HolidayFlat;H.Flat Teichtal, Harz
Journey960;Wandering;1227;4;BlackForest;Car;7;December;TwoStars;Hotel Hirschen, Black Forest
Journey961;Active;748;2;BlackForest;Car;7;January;TwoStars;Hotel Hirschen, Black Forest
Journey962;Skiing;1735;3;BlackForest;Car;7;February;FourStars;Treff-Hotel, Black Forest
Journey963;Wandering;2768;2;BlackForest;Car;14;March;FourStars;Treff-Hotel, Black Forest
Journey964;Recreation;1737;4;BlackForest;Car;7;February;ThreeStars;Berghotel Kandel, Black Forest
Journey965;Wandering;818;2;BlackForest;Car;7;January;ThreeStars;Berghotel Kandel, Black Forest
Journey966;Recreation;2322;3;BlackForest;Car;10;December;ThreeStars;Berghotel Mummelsee, Black Forest
Journey967;Skiing;1158;2;BlackForest;Car;7;February;ThreeStars;Berghotel Mummelsee, Black Forest
Journey968;Active;1008;2;BlackForest;Car;7;January;ThreeStars;Hotel Waldwinkel, Black Forest
Journey969;Recreation;1260;3;BlackForest;Car;14;February;ThreeStars;Hotel Waldwinkel, Black Forest
Journey970;Wandering;1257;4;BlackForest;Car;7;March;TwoStars;Gasthof Hochkopfhaus, Black Forest
Journey971;Skiing;838;2;BlackForest;Car;7;February;TwoStars;Gasthof Hochkopfhaus, Black Forest
Journey972;Recreation;897;3;BlackForest;Car;7;January;TwoStars;Landgasthof Schuetzen, Black Forest
Journey973;Wandering;688;2;BlackForest;Car;6;December;TwoStars;Landgasthof Schuetzen, Black Forest
Journey974;Active;454;4;BlackForest;Car;7;January;HolidayFlat;H.Flat Ferienpark Black Forest
Journey975;Active;514;6;BlackForest;Car;7;February;HolidayFlat;H.Flat Ferienpark Black Forest
Journey976;Recreation;459;2;BlackForest;Car;7;March;HolidayFlat;H.Flat Schwarzwaldgrund
Journey977;Recreation;1068;4;BlackForest;Car;14;February;HolidayFlat;H.Flat Schwarzwaldgrund
Journey978;Skiing;549;6;BlackForest;Car;7;January;HolidayFlat;H.Flat Sonnenrain, Black Forest
Journey979;Recreation;679;2;BlackForest;Car;7;December;HolidayFlat;H.Flat Schwarzwaldblick
Journey980;Recreation;599;4;BlackForest;Car;7;January;HolidayFlat;H.Flat Schwarzwaldblick
Journey981;Skiing;464;3;BlackForest;Car;7;February;HolidayFlat;H.Flat Schwiezer Hof, Black Forest
Journey982;Wandering;1033;5;BlackForest;Car;14;March;HolidayFlat;H.Flat Schwiezer Hof, Black Forest
Journey983;Recreation;989;4;BlackForest;Car;7;February;HolidayFlat;H.Flat Panorama-Blick, Black Forest
Journey984;Wandering;839;6;BlackForest;Car;7;January;HolidayFlat;H.Flat Panorama-Blick, Black Forest
Journey985;Wandering;1672;3;Thuringia;Car;7;December;ThreeStars;Berghotel Friedrichroda, Thuringia
Journey986;Recreation;1178;2;Thuringia;Car;7;January;ThreeStars;Berghotel Friedrichroda, Thuringia
Journey987;Active;4092;4;Thuringia;Car;14;February;ThreeStars;Hotel Finsterbergen, Thuringia
Journey988;Wandering;1368;2;Thuringia;Car;7;March;ThreeStars;Hotel Finsterbergen, Thuringia
Journey989;Wandering;1104;3;Thuringia;Car;7;February;TwoStars;Hotel Schoene Aussicht, Thuringia
Journey990;Skiing;883;2;Thuringia;Car;7;January;TwoStars;Hotel Schoene Aussicht, Thuringia
Journey991;Recreation;688;2;Thuringia;Car;7;December;ThreeStars;Berghotel Oberhof, Thuringia
Journey992;Wandering;1773;3;Thuringia;Car;14;November;ThreeStars;Berghotel Oberhof, Thuringia
Journey993;Wandering;1138;2;Thuringia;Car;7;January;FourStars;Hotel Panorama, Thuringia
Journey994;Recreation;1647;3;Thuringia;Car;7;March;FourStars;Hotel Panorama, Thuringia
Journey995;Skiing;1977;4;Thuringia;Car;7;February;FourStars;Hotel Panorama, Thuringia
Journey996;Wandering;1294;2;Thuringia;Car;14;January;TwoStars;Hotel Am Schuetzenberg, Thuringia
Journey997;Recreation;785;3;Thuringia;Car;7;December;TwoStars;Hotel Am Schuetzenberg, Thuringia
Journey998;Active;987;4;Thuringia;Car;7;February;TwoStars;Hotel Frankenwald, Thuringia
Journey999;Wandering;598;2;Thuringia;Car;7;March;TwoStars;Hotel Frankenwald, Thuringia
Journey1000;Wandering;389;3;Thuringia;Car;7;February;HolidayFlat;H.Flat Schmeheim, Thuringia
Journey1001;Wandering;389;4;Thuringia;Car;7;March;HolidayFlat;H.Flat Schmeheim, Thuringia
Journey1002;Recreation;389;3;Thuringia;Car;7;January;HolidayFlat;H.Flat Schmeheim, Thuringia
Journey1003;Active;924;4;Thuringia;Car;9;December;HolidayFlat;H.Flat Schmeheim, Thuringia
Journey1004;Skiing;389;4;Thuringia;Car;7;February;HolidayFlat;H.Flat Schmeheim, Thuringia
Journey1005;Wandering;855;4;Thuringia;Car;14;March;HolidayFlat;H.Flat Ruppertus, Thuringia
Journey1006;Wandering;483;4;Thuringia;Car;7;January;HolidayFlat;H.Flat Ruppertus, Thuringia
Journey1007;Recreation;774;4;Thuringia;Car;9;December;HolidayFlat;H.Flat Ruppertus, Thuringia
Journey1008;Active;483;3;Thuringia;Car;7;January;HolidayFlat;H.Flat Ruppertus, Thuringia
Journey1009;Skiing;483;4;Thuringia;Car;7;February;HolidayFlat;H.Flat Ruppertus, Thuringia
Journey1010;Active;624;4;France;Car;7;December;HolidayFlat;H.Flat Maeva, France
Journey1011;Skiing;624;4;France;Car;7;January;HolidayFlat;H.Flat Maeva, France
Journey1012;Recreation;1624;5;France;Car;7;February;HolidayFlat;H.Flat Maeva, France
Journey1013;Active;844;4;France;Car;7;March;HolidayFlat;H.Flat Le Cervin, France
Journey1014;Skiing;1654;5;France;Car;7;February;HolidayFlat;H.Flat Le Cervin, France
Journey1015;Recreation;824;6;France;Car;7;January;HolidayFlat;H.Flat Le Cervin, France
Journey1016;Active;764;4;France;Car;7;December;HolidayFlat;H.Flat Bellecote, France
Journey1017;Skiing;3368;5;France;Car;14;January;HolidayFlat;H.Flat Bellecote, France
Journey1018;Recreation;1014;4;France;Car;7;February;HolidayFlat;H.Flat Bellecote, France
Journey1019;Active;1339;4;France;Car;7;March;HolidayFlat;H.Flat Cheval Blanc, France
Journey1020;Skiing;1094;5;France;Car;7;February;HolidayFlat;H.Flat Cheval Blanc, France
Journey1021;Recreation;1728;6;France;Car;14;January;HolidayFlat;H.Flat Cheval Blanc, France
Journey1022;Active;589;4;France;Car;7;December;HolidayFlat;H.Flat Les Olympiades, France
Journey1023;Skiing;589;4;France;Car;7;January;HolidayFlat;H.Flat Les Olympiades, France
Journey1024;Recreation;1574;4;France;Car;7;February;HolidayFlat;H.Flat Les Olympiades, France
